[2026-08-29 05:54:21] local.ERROR: SQLSTATE[HY000] [1698] Access denied for user 'u262074081_albedo_market'@'localhost' (Connection: mysql, SQL: select * from `users` where `email` = ramees@albedoedu.com and `users`.`deleted_at` is null limit 1) {"exception":"[object] (Illuminate\\Database\\QueryException(code: 1698): SQLSTATE[HY000] [1698] Access denied for user 'u262074081_albedo_market'@'localhost' (Connection: mysql, SQL: select * from `users` where `email` = ramees@albedoedu.com and `users`.`deleted_at` is null limit 1) at /data/work_codo/albedo-marketing/albedo-marketing/backend/vendor/laravel/framework/src/Illuminate/Database/Connection.php:825)
[stacktrace]
#0 /data/work_codo/albedo-marketing/albedo-marketing/backend/vendor/laravel/framework/src/Illuminate/Database/Connection.php(779): Illuminate\\Database\\Connection->runQueryCallback()
#1 /data/work_codo/albedo-marketing/albedo-marketing/backend/vendor/laravel/framework/src/Illuminate/Database/Connection.php(398): Illuminate\\Database\\Connection->run()
#2 /data/work_codo/albedo-marketing/albedo-marketing/backend/vendor/laravel/framework/src/Illuminate/Database/Query/Builder.php(3106): Illuminate\\Database\\Connection->select()
#3 /data/work_codo/albedo-marketing/albedo-marketing/backend/vendor/laravel/framework/src/Illuminate/Database/Query/Builder.php(3091): Illuminate\\Database\\Query\\Builder->runSelect()
#4 /data/work_codo/albedo-marketing/albedo-marketing/backend/vendor/laravel/framework/src/Illuminate/Database/Query/Builder.php(3676): Illuminate\\Database\\Query\\Builder->{closure:Illuminate\\Database\\Query\\Builder::get():3090}()
#5 /data/work_codo/albedo-marketing/albedo-marketing/backend/vendor/laravel/framework/src/Illuminate/Database/Query/Builder.php(3090): Illuminate\\Database\\Query\\Builder->onceWithColumns()
#6 /data/work_codo/albedo-marketing/albedo-marketing/backend/vendor/laravel/framework/src/Illuminate/Database/Eloquent/Builder.php(811): Illuminate\\Database\\Query\\Builder->get()
#7 /data/work_codo/albedo-marketing/albedo-marketing/backend/vendor/laravel/framework/src/Illuminate/Database/Eloquent/Builder.php(793): Illuminate\\Database\\Eloquent\\Builder->getModels()
#8 /data/work_codo/albedo-marketing/albedo-marketing/backend/vendor/laravel/framework/src/Illuminate/Database/Concerns/BuildsQueries.php(343): Illuminate\\Database\\Eloquent\\Builder->get()
#9 /data/work_codo/albedo-marketing/albedo-marketing/backend/app/Http/Controllers/Api/V1/AuthController.php(15): Illuminate\\Database\\Eloquent\\Builder->first()
#10 /data/work_codo/albedo-marketing/albedo-marketing/backend/vendor/laravel/framework/src/Illuminate/Routing/ControllerDispatcher.php(47): App\\Http\\Controllers\\Api\\V1\\AuthController->login()
#11 /data/work_codo/albedo-marketing/albedo-marketing/backend/vendor/laravel/framework/src/Illuminate/Routing/Route.php(266): Illuminate\\Routing\\ControllerDispatcher->dispatch()
#12 /data/work_codo/albedo-marketing/albedo-marketing/backend/vendor/laravel/framework/src/Illuminate/Routing/Route.php(212): Illuminate\\Routing\\Route->runController()
#13 /data/work_codo/albedo-marketing/albedo-marketing/backend/vendor/laravel/framework/src/Illuminate/Routing/Router.php(808): Illuminate\\Routing\\Route->run()
#14 /data/work_codo/albedo-marketing/albedo-marketing/backend/vendor/laravel/framework/src/Illuminate/Pipeline/Pipeline.php(170): Illuminate\\Routing\\Router->{closure:Illuminate\\Routing\\Router::runRouteWithinStack():807}()
#15 /data/work_codo/albedo-marketing/albedo-marketing/backend/app/Http/Middleware/CorsStrict.php(23): Illuminate\\Pipeline\\Pipeline->{closure:Illuminate\\Pipeline\\Pipeline::prepareDestination():168}()
#16 /data/work_codo/albedo-marketing/albedo-marketing/backend/vendor/laravel/framework/src/Illuminate/Pipeline/Pipeline.php(209): App\\Http\\Middleware\\CorsStrict->handle()
#17 /data/work_codo/albedo-marketing/albedo-marketing/backend/app/Http/Middleware/ForceHttps.php(16): Illuminate\\Pipeline\\Pipeline->{closure:{closure:Illuminate\\Pipeline\\Pipeline::carry():184}:185}()
#18 /data/work_codo/albedo-marketing/albedo-marketing/backend/vendor/laravel/framework/src/Illuminate/Pipeline/Pipeline.php(209): App\\Http\\Middleware\\ForceHttps->handle()
#19 /data/work_codo/albedo-marketing/albedo-marketing/backend/vendor/laravel/framework/src/Illuminate/Routing/Middleware/SubstituteBindings.php(51): Illuminate\\Pipeline\\Pipeline->{closure:{closure:Illuminate\\Pipeline\\Pipeline::carry():184}:185}()
#20 /data/work_codo/albedo-marketing/albedo-marketing/backend/vendor/laravel/framework/src/Illuminate/Pipeline/Pipeline.php(209): Illuminate\\Routing\\Middleware\\SubstituteBindings->handle()
#21 /data/work_codo/albedo-marketing/albedo-marketing/backend/vendor/laravel/sanctum/src/Http/Middleware/EnsureFrontendRequestsAreStateful.php(26): Illuminate\\Pipeline\\Pipeline->{closure:{closure:Illuminate\\Pipeline\\Pipeline::carry():184}:185}()
#22 /data/work_codo/albedo-marketing/albedo-marketing/backend/vendor/laravel/framework/src/Illuminate/Pipeline/Pipeline.php(170): Laravel\\Sanctum\\Http\\Middleware\\EnsureFrontendRequestsAreStateful->{closure:Laravel\\Sanctum\\Http\\Middleware\\EnsureFrontendRequestsAreStateful::handle():25}()
#23 /data/work_codo/albedo-marketing/albedo-marketing/backend/vendor/laravel/sanctum/src/Http/Middleware/AuthenticateSession.php(35): Illuminate\\Pipeline\\Pipeline->{closure:Illuminate\\Pipeline\\Pipeline::prepareDestination():168}()
#24 /data/work_codo/albedo-marketing/albedo-marketing/backend/vendor/laravel/framework/src/Illuminate/Pipeline/Pipeline.php(209): Laravel\\Sanctum\\Http\\Middleware\\AuthenticateSession->handle()
#25 /data/work_codo/albedo-marketing/albedo-marketing/backend/vendor/laravel/framework/src/Illuminate/Foundation/Http/Middleware/VerifyCsrfToken.php(88): Illuminate\\Pipeline\\Pipeline->{closure:{closure:Illuminate\\Pipeline\\Pipeline::carry():184}:185}()
#26 /data/work_codo/albedo-marketing/albedo-marketing/backend/vendor/laravel/framework/src/Illuminate/Pipeline/Pipeline.php(209): Illuminate\\Foundation\\Http\\Middleware\\VerifyCsrfToken->handle()
#27 /data/work_codo/albedo-marketing/albedo-marketing/backend/vendor/laravel/framework/src/Illuminate/Session/Middleware/StartSession.php(121): Illuminate\\Pipeline\\Pipeline->{closure:{closure:Illuminate\\Pipeline\\Pipeline::carry():184}:185}()
#28 /data/work_codo/albedo-marketing/albedo-marketing/backend/vendor/laravel/framework/src/Illuminate/Session/Middleware/StartSession.php(64): Illuminate\\Session\\Middleware\\StartSession->handleStatefulRequest()
#29 /data/work_codo/albedo-marketing/albedo-marketing/backend/vendor/laravel/framework/src/Illuminate/Pipeline/Pipeline.php(209): Illuminate\\Session\\Middleware\\StartSession->handle()
#30 /data/work_codo/albedo-marketing/albedo-marketing/backend/vendor/laravel/framework/src/Illuminate/Cookie/Middleware/AddQueuedCookiesToResponse.php(37): Illuminate\\Pipeline\\Pipeline->{closure:{closure:Illuminate\\Pipeline\\Pipeline::carry():184}:185}()
#31 /data/work_codo/albedo-marketing/albedo-marketing/backend/vendor/laravel/framework/src/Illuminate/Pipeline/Pipeline.php(209): Illuminate\\Cookie\\Middleware\\AddQueuedCookiesToResponse->handle()
#32 /data/work_codo/albedo-marketing/albedo-marketing/backend/vendor/laravel/framework/src/Illuminate/Cookie/Middleware/EncryptCookies.php(75): Illuminate\\Pipeline\\Pipeline->{closure:{closure:Illuminate\\Pipeline\\Pipeline::carry():184}:185}()
#33 /data/work_codo/albedo-marketing/albedo-marketing/backend/vendor/laravel/framework/src/Illuminate/Pipeline/Pipeline.php(209): Illuminate\\Cookie\\Middleware\\EncryptCookies->handle()
#34 /data/work_codo/albedo-marketing/albedo-marketing/backend/vendor/laravel/sanctum/src/Http/Middleware/EnsureFrontendRequestsAreStateful.php(61): Illuminate\\Pipeline\\Pipeline->{closure:{closure:Illuminate\\Pipeline\\Pipeline::carry():184}:185}()
#35 /data/work_codo/albedo-marketing/albedo-marketing/backend/vendor/laravel/framework/src/Illuminate/Pipeline/Pipeline.php(191): Laravel\\Sanctum\\Http\\Middleware\\EnsureFrontendRequestsAreStateful->{closure:Laravel\\Sanctum\\Http\\Middleware\\EnsureFrontendRequestsAreStateful::frontendMiddleware():58}()
#36 /data/work_codo/albedo-marketing/albedo-marketing/backend/vendor/laravel/framework/src/Illuminate/Pipeline/Pipeline.php(127): Illuminate\\Pipeline\\Pipeline->{closure:{closure:Illuminate\\Pipeline\\Pipeline::carry():184}:185}()
#37 /data/work_codo/albedo-marketing/albedo-marketing/backend/vendor/laravel/sanctum/src/Http/Middleware/EnsureFrontendRequestsAreStateful.php(25): Illuminate\\Pipeline\\Pipeline->then()
#38 /data/work_codo/albedo-marketing/albedo-marketing/backend/app/Http/Middleware/SkipStatefulSanctumWhenBearerToken.php(29): Laravel\\Sanctum\\Http\\Middleware\\EnsureFrontendRequestsAreStateful->handle()
#39 /data/work_codo/albedo-marketing/albedo-marketing/backend/vendor/laravel/framework/src/Illuminate/Pipeline/Pipeline.php(209): App\\Http\\Middleware\\SkipStatefulSanctumWhenBearerToken->handle()
#40 /data/work_codo/albedo-marketing/albedo-marketing/backend/vendor/laravel/framework/src/Illuminate/Pipeline/Pipeline.php(127): Illuminate\\Pipeline\\Pipeline->{closure:{closure:Illuminate\\Pipeline\\Pipeline::carry():184}:185}()
#41 /data/work_codo/albedo-marketing/albedo-marketing/backend/vendor/laravel/framework/src/Illuminate/Routing/Router.php(807): Illuminate\\Pipeline\\Pipeline->then()
#42 /data/work_codo/albedo-marketing/albedo-marketing/backend/vendor/laravel/framework/src/Illuminate/Routing/Router.php(786): Illuminate\\Routing\\Router->runRouteWithinStack()
#43 /data/work_codo/albedo-marketing/albedo-marketing/backend/vendor/laravel/framework/src/Illuminate/Routing/Router.php(750): Illuminate\\Routing\\Router->runRoute()
#44 /data/work_codo/albedo-marketing/albedo-marketing/backend/vendor/laravel/framework/src/Illuminate/Routing/Router.php(739): Illuminate\\Routing\\Router->dispatchToRoute()
#45 /data/work_codo/albedo-marketing/albedo-marketing/backend/vendor/laravel/framework/src/Illuminate/Foundation/Http/Kernel.php(201): Illuminate\\Routing\\Router->dispatch()
#46 /data/work_codo/albedo-marketing/albedo-marketing/backend/vendor/laravel/framework/src/Illuminate/Pipeline/Pipeline.php(170): Illuminate\\Foundation\\Http\\Kernel->{closure:Illuminate\\Foundation\\Http\\Kernel::dispatchToRouter():198}()
#47 /data/work_codo/albedo-marketing/albedo-marketing/backend/vendor/laravel/framework/src/Illuminate/Foundation/Http/Middleware/TransformsRequest.php(21): Illuminate\\Pipeline\\Pipeline->{closure:Illuminate\\Pipeline\\Pipeline::prepareDestination():168}()
#48 /data/work_codo/albedo-marketing/albedo-marketing/backend/vendor/laravel/framework/src/Illuminate/Foundation/Http/Middleware/ConvertEmptyStringsToNull.php(31): Illuminate\\Foundation\\Http\\Middleware\\TransformsRequest->handle()
#49 /data/work_codo/albedo-marketing/albedo-marketing/backend/vendor/laravel/framework/src/Illuminate/Pipeline/Pipeline.php(209): Illuminate\\Foundation\\Http\\Middleware\\ConvertEmptyStringsToNull->handle()
#50 /data/work_codo/albedo-marketing/albedo-marketing/backend/vendor/laravel/framework/src/Illuminate/Foundation/Http/Middleware/TransformsRequest.php(21): Illuminate\\Pipeline\\Pipeline->{closure:{closure:Illuminate\\Pipeline\\Pipeline::carry():184}:185}()
#51 /data/work_codo/albedo-marketing/albedo-marketing/backend/vendor/laravel/framework/src/Illuminate/Foundation/Http/Middleware/TrimStrings.php(51): Illuminate\\Foundation\\Http\\Middleware\\TransformsRequest->handle()
#52 /data/work_codo/albedo-marketing/albedo-marketing/backend/vendor/laravel/framework/src/Illuminate/Pipeline/Pipeline.php(209): Illuminate\\Foundation\\Http\\Middleware\\TrimStrings->handle()
#53 /data/work_codo/albedo-marketing/albedo-marketing/backend/vendor/laravel/framework/src/Illuminate/Http/Middleware/ValidatePostSize.php(27): Illuminate\\Pipeline\\Pipeline->{closure:{closure:Illuminate\\Pipeline\\Pipeline::carry():184}:185}()
#54 /data/work_codo/albedo-marketing/albedo-marketing/backend/vendor/laravel/framework/src/Illuminate/Pipeline/Pipeline.php(209): Illuminate\\Http\\Middleware\\ValidatePostSize->handle()
#55 /data/work_codo/albedo-marketing/albedo-marketing/backend/vendor/laravel/framework/src/Illuminate/Foundation/Http/Middleware/PreventRequestsDuringMaintenance.php(110): Illuminate\\Pipeline\\Pipeline->{closure:{closure:Illuminate\\Pipeline\\Pipeline::carry():184}:185}()
#56 /data/work_codo/albedo-marketing/albedo-marketing/backend/vendor/laravel/framework/src/Illuminate/Pipeline/Pipeline.php(209): Illuminate\\Foundation\\Http\\Middleware\\PreventRequestsDuringMaintenance->handle()
#57 /data/work_codo/albedo-marketing/albedo-marketing/backend/vendor/laravel/framework/src/Illuminate/Http/Middleware/HandleCors.php(62): Illuminate\\Pipeline\\Pipeline->{closure:{closure:Illuminate\\Pipeline\\Pipeline::carry():184}:185}()
#58 /data/work_codo/albedo-marketing/albedo-marketing/backend/vendor/laravel/framework/src/Illuminate/Pipeline/Pipeline.php(209): Illuminate\\Http\\Middleware\\HandleCors->handle()
#59 /data/work_codo/albedo-marketing/albedo-marketing/backend/vendor/laravel/framework/src/Illuminate/Http/Middleware/TrustProxies.php(58): Illuminate\\Pipeline\\Pipeline->{closure:{closure:Illuminate\\Pipeline\\Pipeline::carry():184}:185}()
#60 /data/work_codo/albedo-marketing/albedo-marketing/backend/vendor/laravel/framework/src/Illuminate/Pipeline/Pipeline.php(209): Illuminate\\Http\\Middleware\\TrustProxies->handle()
#61 /data/work_codo/albedo-marketing/albedo-marketing/backend/vendor/laravel/framework/src/Illuminate/Foundation/Http/Middleware/InvokeDeferredCallbacks.php(22): Illuminate\\Pipeline\\Pipeline->{closure:{closure:Illuminate\\Pipeline\\Pipeline::carry():184}:185}()
#62 /data/work_codo/albedo-marketing/albedo-marketing/backend/vendor/laravel/framework/src/Illuminate/Pipeline/Pipeline.php(209): Illuminate\\Foundation\\Http\\Middleware\\InvokeDeferredCallbacks->handle()
#63 /data/work_codo/albedo-marketing/albedo-marketing/backend/vendor/laravel/framework/src/Illuminate/Pipeline/Pipeline.php(127): Illuminate\\Pipeline\\Pipeline->{closure:{closure:Illuminate\\Pipeline\\Pipeline::carry():184}:185}()
#64 /data/work_codo/albedo-marketing/albedo-marketing/backend/vendor/laravel/framework/src/Illuminate/Foundation/Http/Kernel.php(176): Illuminate\\Pipeline\\Pipeline->then()
#65 /data/work_codo/albedo-marketing/albedo-marketing/backend/vendor/laravel/framework/src/Illuminate/Foundation/Http/Kernel.php(145): Illuminate\\Foundation\\Http\\Kernel->sendRequestThroughRouter()
#66 /data/work_codo/albedo-marketing/albedo-marketing/backend/vendor/laravel/framework/src/Illuminate/Foundation/Application.php(1220): Illuminate\\Foundation\\Http\\Kernel->handle()
#67 /data/work_codo/albedo-marketing/albedo-marketing/backend/public/index.php(17): Illuminate\\Foundation\\Application->handleRequest()
#68 /data/work_codo/albedo-marketing/albedo-marketing/backend/vendor/laravel/framework/src/Illuminate/Foundation/resources/server.php(23): require_once('...')
#69 {main}

[previous exception] [object] (PDOException(code: 1698): SQLSTATE[HY000] [1698] Access denied for user 'u262074081_albedo_market'@'localhost' at /data/work_codo/albedo-marketing/albedo-marketing/backend/vendor/laravel/framework/src/Illuminate/Database/Connectors/Connector.php:67)
[stacktrace]
#0 /data/work_codo/albedo-marketing/albedo-marketing/backend/vendor/laravel/framework/src/Illuminate/Database/Connectors/Connector.php(67): PDO::connect()
#1 /data/work_codo/albedo-marketing/albedo-marketing/backend/vendor/laravel/framework/src/Illuminate/Database/Connectors/Connector.php(44): Illuminate\\Database\\Connectors\\Connector->createPdoConnection()
#2 /data/work_codo/albedo-marketing/albedo-marketing/backend/vendor/laravel/framework/src/Illuminate/Database/Connectors/MySqlConnector.php(24): Illuminate\\Database\\Connectors\\Connector->createConnection()
#3 /data/work_codo/albedo-marketing/albedo-marketing/backend/vendor/laravel/framework/src/Illuminate/Database/Connectors/ConnectionFactory.php(185): Illuminate\\Database\\Connectors\\MySqlConnector->connect()
#4 [internal function]: Illuminate\\Database\\Connectors\\ConnectionFactory->{closure:Illuminate\\Database\\Connectors\\ConnectionFactory::createPdoResolverWithHosts():180}()
#5 /data/work_codo/albedo-marketing/albedo-marketing/backend/vendor/laravel/framework/src/Illuminate/Database/Connection.php(1231): call_user_func()
#6 /data/work_codo/albedo-marketing/albedo-marketing/backend/vendor/laravel/framework/src/Illuminate/Database/Connection.php(1267): Illuminate\\Database\\Connection->getPdo()
#7 /data/work_codo/albedo-marketing/albedo-marketing/backend/vendor/laravel/framework/src/Illuminate/Database/Connection.php(512): Illuminate\\Database\\Connection->getReadPdo()
#8 /data/work_codo/albedo-marketing/albedo-marketing/backend/vendor/laravel/framework/src/Illuminate/Database/Connection.php(407): Illuminate\\Database\\Connection->getPdoForSelect()
#9 /data/work_codo/albedo-marketing/albedo-marketing/backend/vendor/laravel/framework/src/Illuminate/Database/Connection.php(812): Illuminate\\Database\\Connection->{closure:Illuminate\\Database\\Connection::select():398}()
#10 /data/work_codo/albedo-marketing/albedo-marketing/backend/vendor/laravel/framework/src/Illuminate/Database/Connection.php(779): Illuminate\\Database\\Connection->runQueryCallback()
#11 /data/work_codo/albedo-marketing/albedo-marketing/backend/vendor/laravel/framework/src/Illuminate/Database/Connection.php(398): Illuminate\\Database\\Connection->run()
#12 /data/work_codo/albedo-marketing/albedo-marketing/backend/vendor/laravel/framework/src/Illuminate/Database/Query/Builder.php(3106): Illuminate\\Database\\Connection->select()
#13 /data/work_codo/albedo-marketing/albedo-marketing/backend/vendor/laravel/framework/src/Illuminate/Database/Query/Builder.php(3091): Illuminate\\Database\\Query\\Builder->runSelect()
#14 /data/work_codo/albedo-marketing/albedo-marketing/backend/vendor/laravel/framework/src/Illuminate/Database/Query/Builder.php(3676): Illuminate\\Database\\Query\\Builder->{closure:Illuminate\\Database\\Query\\Builder::get():3090}()
#15 /data/work_codo/albedo-marketing/albedo-marketing/backend/vendor/laravel/framework/src/Illuminate/Database/Query/Builder.php(3090): Illuminate\\Database\\Query\\Builder->onceWithColumns()
#16 /data/work_codo/albedo-marketing/albedo-marketing/backend/vendor/laravel/framework/src/Illuminate/Database/Eloquent/Builder.php(811): Illuminate\\Database\\Query\\Builder->get()
#17 /data/work_codo/albedo-marketing/albedo-marketing/backend/vendor/laravel/framework/src/Illuminate/Database/Eloquent/Builder.php(793): Illuminate\\Database\\Eloquent\\Builder->getModels()
#18 /data/work_codo/albedo-marketing/albedo-marketing/backend/vendor/laravel/framework/src/Illuminate/Database/Concerns/BuildsQueries.php(343): Illuminate\\Database\\Eloquent\\Builder->get()
#19 /data/work_codo/albedo-marketing/albedo-marketing/backend/app/Http/Controllers/Api/V1/AuthController.php(15): Illuminate\\Database\\Eloquent\\Builder->first()
#20 /data/work_codo/albedo-marketing/albedo-marketing/backend/vendor/laravel/framework/src/Illuminate/Routing/ControllerDispatcher.php(47): App\\Http\\Controllers\\Api\\V1\\AuthController->login()
#21 /data/work_codo/albedo-marketing/albedo-marketing/backend/vendor/laravel/framework/src/Illuminate/Routing/Route.php(266): Illuminate\\Routing\\ControllerDispatcher->dispatch()
#22 /data/work_codo/albedo-marketing/albedo-marketing/backend/vendor/laravel/framework/src/Illuminate/Routing/Route.php(212): Illuminate\\Routing\\Route->runController()
#23 /data/work_codo/albedo-marketing/albedo-marketing/backend/vendor/laravel/framework/src/Illuminate/Routing/Router.php(808): Illuminate\\Routing\\Route->run()
#24 /data/work_codo/albedo-marketing/albedo-marketing/backend/vendor/laravel/framework/src/Illuminate/Pipeline/Pipeline.php(170): Illuminate\\Routing\\Router->{closure:Illuminate\\Routing\\Router::runRouteWithinStack():807}()
#25 /data/work_codo/albedo-marketing/albedo-marketing/backend/app/Http/Middleware/CorsStrict.php(23): Illuminate\\Pipeline\\Pipeline->{closure:Illuminate\\Pipeline\\Pipeline::prepareDestination():168}()
#26 /data/work_codo/albedo-marketing/albedo-marketing/backend/vendor/laravel/framework/src/Illuminate/Pipeline/Pipeline.php(209): App\\Http\\Middleware\\CorsStrict->handle()
#27 /data/work_codo/albedo-marketing/albedo-marketing/backend/app/Http/Middleware/ForceHttps.php(16): Illuminate\\Pipeline\\Pipeline->{closure:{closure:Illuminate\\Pipeline\\Pipeline::carry():184}:185}()
#28 /data/work_codo/albedo-marketing/albedo-marketing/backend/vendor/laravel/framework/src/Illuminate/Pipeline/Pipeline.php(209): App\\Http\\Middleware\\ForceHttps->handle()
#29 /data/work_codo/albedo-marketing/albedo-marketing/backend/vendor/laravel/framework/src/Illuminate/Routing/Middleware/SubstituteBindings.php(51): Illuminate\\Pipeline\\Pipeline->{closure:{closure:Illuminate\\Pipeline\\Pipeline::carry():184}:185}()
#30 /data/work_codo/albedo-marketing/albedo-marketing/backend/vendor/laravel/framework/src/Illuminate/Pipeline/Pipeline.php(209): Illuminate\\Routing\\Middleware\\SubstituteBindings->handle()
#31 /data/work_codo/albedo-marketing/albedo-marketing/backend/vendor/laravel/sanctum/src/Http/Middleware/EnsureFrontendRequestsAreStateful.php(26): Illuminate\\Pipeline\\Pipeline->{closure:{closure:Illuminate\\Pipeline\\Pipeline::carry():184}:185}()
#32 /data/work_codo/albedo-marketing/albedo-marketing/backend/vendor/laravel/framework/src/Illuminate/Pipeline/Pipeline.php(170): Laravel\\Sanctum\\Http\\Middleware\\EnsureFrontendRequestsAreStateful->{closure:Laravel\\Sanctum\\Http\\Middleware\\EnsureFrontendRequestsAreStateful::handle():25}()
#33 /data/work_codo/albedo-marketing/albedo-marketing/backend/vendor/laravel/sanctum/src/Http/Middleware/AuthenticateSession.php(35): Illuminate\\Pipeline\\Pipeline->{closure:Illuminate\\Pipeline\\Pipeline::prepareDestination():168}()
#34 /data/work_codo/albedo-marketing/albedo-marketing/backend/vendor/laravel/framework/src/Illuminate/Pipeline/Pipeline.php(209): Laravel\\Sanctum\\Http\\Middleware\\AuthenticateSession->handle()
#35 /data/work_codo/albedo-marketing/albedo-marketing/backend/vendor/laravel/framework/src/Illuminate/Foundation/Http/Middleware/VerifyCsrfToken.php(88): Illuminate\\Pipeline\\Pipeline->{closure:{closure:Illuminate\\Pipeline\\Pipeline::carry():184}:185}()
#36 /data/work_codo/albedo-marketing/albedo-marketing/backend/vendor/laravel/framework/src/Illuminate/Pipeline/Pipeline.php(209): Illuminate\\Foundation\\Http\\Middleware\\VerifyCsrfToken->handle()
#37 /data/work_codo/albedo-marketing/albedo-marketing/backend/vendor/laravel/framework/src/Illuminate/Session/Middleware/StartSession.php(121): Illuminate\\Pipeline\\Pipeline->{closure:{closure:Illuminate\\Pipeline\\Pipeline::carry():184}:185}()
#38 /data/work_codo/albedo-marketing/albedo-marketing/backend/vendor/laravel/framework/src/Illuminate/Session/Middleware/StartSession.php(64): Illuminate\\Session\\Middleware\\StartSession->handleStatefulRequest()
#39 /data/work_codo/albedo-marketing/albedo-marketing/backend/vendor/laravel/framework/src/Illuminate/Pipeline/Pipeline.php(209): Illuminate\\Session\\Middleware\\StartSession->handle()
#40 /data/work_codo/albedo-marketing/albedo-marketing/backend/vendor/laravel/framework/src/Illuminate/Cookie/Middleware/AddQueuedCookiesToResponse.php(37): Illuminate\\Pipeline\\Pipeline->{closure:{closure:Illuminate\\Pipeline\\Pipeline::carry():184}:185}()
#41 /data/work_codo/albedo-marketing/albedo-marketing/backend/vendor/laravel/framework/src/Illuminate/Pipeline/Pipeline.php(209): Illuminate\\Cookie\\Middleware\\AddQueuedCookiesToResponse->handle()
#42 /data/work_codo/albedo-marketing/albedo-marketing/backend/vendor/laravel/framework/src/Illuminate/Cookie/Middleware/EncryptCookies.php(75): Illuminate\\Pipeline\\Pipeline->{closure:{closure:Illuminate\\Pipeline\\Pipeline::carry():184}:185}()
#43 /data/work_codo/albedo-marketing/albedo-marketing/backend/vendor/laravel/framework/src/Illuminate/Pipeline/Pipeline.php(209): Illuminate\\Cookie\\Middleware\\EncryptCookies->handle()
#44 /data/work_codo/albedo-marketing/albedo-marketing/backend/vendor/laravel/sanctum/src/Http/Middleware/EnsureFrontendRequestsAreStateful.php(61): Illuminate\\Pipeline\\Pipeline->{closure:{closure:Illuminate\\Pipeline\\Pipeline::carry():184}:185}()
#45 /data/work_codo/albedo-marketing/albedo-marketing/backend/vendor/laravel/framework/src/Illuminate/Pipeline/Pipeline.php(191): Laravel\\Sanctum\\Http\\Middleware\\EnsureFrontendRequestsAreStateful->{closure:Laravel\\Sanctum\\Http\\Middleware\\EnsureFrontendRequestsAreStateful::frontendMiddleware():58}()
#46 /data/work_codo/albedo-marketing/albedo-marketing/backend/vendor/laravel/framework/src/Illuminate/Pipeline/Pipeline.php(127): Illuminate\\Pipeline\\Pipeline->{closure:{closure:Illuminate\\Pipeline\\Pipeline::carry():184}:185}()
#47 /data/work_codo/albedo-marketing/albedo-marketing/backend/vendor/laravel/sanctum/src/Http/Middleware/EnsureFrontendRequestsAreStateful.php(25): Illuminate\\Pipeline\\Pipeline->then()
#48 /data/work_codo/albedo-marketing/albedo-marketing/backend/app/Http/Middleware/SkipStatefulSanctumWhenBearerToken.php(29): Laravel\\Sanctum\\Http\\Middleware\\EnsureFrontendRequestsAreStateful->handle()
#49 /data/work_codo/albedo-marketing/albedo-marketing/backend/vendor/laravel/framework/src/Illuminate/Pipeline/Pipeline.php(209): App\\Http\\Middleware\\SkipStatefulSanctumWhenBearerToken->handle()
#50 /data/work_codo/albedo-marketing/albedo-marketing/backend/vendor/laravel/framework/src/Illuminate/Pipeline/Pipeline.php(127): Illuminate\\Pipeline\\Pipeline->{closure:{closure:Illuminate\\Pipeline\\Pipeline::carry():184}:185}()
#51 /data/work_codo/albedo-marketing/albedo-marketing/backend/vendor/laravel/framework/src/Illuminate/Routing/Router.php(807): Illuminate\\Pipeline\\Pipeline->then()
#52 /data/work_codo/albedo-marketing/albedo-marketing/backend/vendor/laravel/framework/src/Illuminate/Routing/Router.php(786): Illuminate\\Routing\\Router->runRouteWithinStack()
#53 /data/work_codo/albedo-marketing/albedo-marketing/backend/vendor/laravel/framework/src/Illuminate/Routing/Router.php(750): Illuminate\\Routing\\Router->runRoute()
#54 /data/work_codo/albedo-marketing/albedo-marketing/backend/vendor/laravel/framework/src/Illuminate/Routing/Router.php(739): Illuminate\\Routing\\Router->dispatchToRoute()
#55 /data/work_codo/albedo-marketing/albedo-marketing/backend/vendor/laravel/framework/src/Illuminate/Foundation/Http/Kernel.php(201): Illuminate\\Routing\\Router->dispatch()
#56 /data/work_codo/albedo-marketing/albedo-marketing/backend/vendor/laravel/framework/src/Illuminate/Pipeline/Pipeline.php(170): Illuminate\\Foundation\\Http\\Kernel->{closure:Illuminate\\Foundation\\Http\\Kernel::dispatchToRouter():198}()
#57 /data/work_codo/albedo-marketing/albedo-marketing/backend/vendor/laravel/framework/src/Illuminate/Foundation/Http/Middleware/TransformsRequest.php(21): Illuminate\\Pipeline\\Pipeline->{closure:Illuminate\\Pipeline\\Pipeline::prepareDestination():168}()
#58 /data/work_codo/albedo-marketing/albedo-marketing/backend/vendor/laravel/framework/src/Illuminate/Foundation/Http/Middleware/ConvertEmptyStringsToNull.php(31): Illuminate\\Foundation\\Http\\Middleware\\TransformsRequest->handle()
#59 /data/work_codo/albedo-marketing/albedo-marketing/backend/vendor/laravel/framework/src/Illuminate/Pipeline/Pipeline.php(209): Illuminate\\Foundation\\Http\\Middleware\\ConvertEmptyStringsToNull->handle()
#60 /data/work_codo/albedo-marketing/albedo-marketing/backend/vendor/laravel/framework/src/Illuminate/Foundation/Http/Middleware/TransformsRequest.php(21): Illuminate\\Pipeline\\Pipeline->{closure:{closure:Illuminate\\Pipeline\\Pipeline::carry():184}:185}()
#61 /data/work_codo/albedo-marketing/albedo-marketing/backend/vendor/laravel/framework/src/Illuminate/Foundation/Http/Middleware/TrimStrings.php(51): Illuminate\\Foundation\\Http\\Middleware\\TransformsRequest->handle()
#62 /data/work_codo/albedo-marketing/albedo-marketing/backend/vendor/laravel/framework/src/Illuminate/Pipeline/Pipeline.php(209): Illuminate\\Foundation\\Http\\Middleware\\TrimStrings->handle()
#63 /data/work_codo/albedo-marketing/albedo-marketing/backend/vendor/laravel/framework/src/Illuminate/Http/Middleware/ValidatePostSize.php(27): Illuminate\\Pipeline\\Pipeline->{closure:{closure:Illuminate\\Pipeline\\Pipeline::carry():184}:185}()
#64 /data/work_codo/albedo-marketing/albedo-marketing/backend/vendor/laravel/framework/src/Illuminate/Pipeline/Pipeline.php(209): Illuminate\\Http\\Middleware\\ValidatePostSize->handle()
#65 /data/work_codo/albedo-marketing/albedo-marketing/backend/vendor/laravel/framework/src/Illuminate/Foundation/Http/Middleware/PreventRequestsDuringMaintenance.php(110): Illuminate\\Pipeline\\Pipeline->{closure:{closure:Illuminate\\Pipeline\\Pipeline::carry():184}:185}()
#66 /data/work_codo/albedo-marketing/albedo-marketing/backend/vendor/laravel/framework/src/Illuminate/Pipeline/Pipeline.php(209): Illuminate\\Foundation\\Http\\Middleware\\PreventRequestsDuringMaintenance->handle()
#67 /data/work_codo/albedo-marketing/albedo-marketing/backend/vendor/laravel/framework/src/Illuminate/Http/Middleware/HandleCors.php(62): Illuminate\\Pipeline\\Pipeline->{closure:{closure:Illuminate\\Pipeline\\Pipeline::carry():184}:185}()
#68 /data/work_codo/albedo-marketing/albedo-marketing/backend/vendor/laravel/framework/src/Illuminate/Pipeline/Pipeline.php(209): Illuminate\\Http\\Middleware\\HandleCors->handle()
#69 /data/work_codo/albedo-marketing/albedo-marketing/backend/vendor/laravel/framework/src/Illuminate/Http/Middleware/TrustProxies.php(58): Illuminate\\Pipeline\\Pipeline->{closure:{closure:Illuminate\\Pipeline\\Pipeline::carry():184}:185}()
#70 /data/work_codo/albedo-marketing/albedo-marketing/backend/vendor/laravel/framework/src/Illuminate/Pipeline/Pipeline.php(209): Illuminate\\Http\\Middleware\\TrustProxies->handle()
#71 /data/work_codo/albedo-marketing/albedo-marketing/backend/vendor/laravel/framework/src/Illuminate/Foundation/Http/Middleware/InvokeDeferredCallbacks.php(22): Illuminate\\Pipeline\\Pipeline->{closure:{closure:Illuminate\\Pipeline\\Pipeline::carry():184}:185}()
#72 /data/work_codo/albedo-marketing/albedo-marketing/backend/vendor/laravel/framework/src/Illuminate/Pipeline/Pipeline.php(209): Illuminate\\Foundation\\Http\\Middleware\\InvokeDeferredCallbacks->handle()
#73 /data/work_codo/albedo-marketing/albedo-marketing/backend/vendor/laravel/framework/src/Illuminate/Pipeline/Pipeline.php(127): Illuminate\\Pipeline\\Pipeline->{closure:{closure:Illuminate\\Pipeline\\Pipeline::carry():184}:185}()
#74 /data/work_codo/albedo-marketing/albedo-marketing/backend/vendor/laravel/framework/src/Illuminate/Foundation/Http/Kernel.php(176): Illuminate\\Pipeline\\Pipeline->then()
#75 /data/work_codo/albedo-marketing/albedo-marketing/backend/vendor/laravel/framework/src/Illuminate/Foundation/Http/Kernel.php(145): Illuminate\\Foundation\\Http\\Kernel->sendRequestThroughRouter()
#76 /data/work_codo/albedo-marketing/albedo-marketing/backend/vendor/laravel/framework/src/Illuminate/Foundation/Application.php(1220): Illuminate\\Foundation\\Http\\Kernel->handle()
#77 /data/work_codo/albedo-marketing/albedo-marketing/backend/public/index.php(17): Illuminate\\Foundation\\Application->handleRequest()
#78 /data/work_codo/albedo-marketing/albedo-marketing/backend/vendor/laravel/framework/src/Illuminate/Foundation/resources/server.php(23): require_once('...')
#79 {main}
"} 
[2026-08-29 06:00:09] local.ERROR: SQLSTATE[HY000] [1698] Access denied for user 'root'@'localhost' (Connection: mysql, SQL: delete from `cache`) {"exception":"[object] (Illuminate\\Database\\QueryException(code: 1698): SQLSTATE[HY000] [1698] Access denied for user 'root'@'localhost' (Connection: mysql, SQL: delete from `cache`) at /data/work_codo/albedo-marketing/albedo-marketing/backend/vendor/laravel/framework/src/Illuminate/Database/Connection.php:825)
[stacktrace]
#0 /data/work_codo/albedo-marketing/albedo-marketing/backend/vendor/laravel/framework/src/Illuminate/Database/Connection.php(779): Illuminate\\Database\\Connection->runQueryCallback()
#1 /data/work_codo/albedo-marketing/albedo-marketing/backend/vendor/laravel/framework/src/Illuminate/Database/Connection.php(584): Illuminate\\Database\\Connection->run()
#2 /data/work_codo/albedo-marketing/albedo-marketing/backend/vendor/laravel/framework/src/Illuminate/Database/Connection.php(548): Illuminate\\Database\\Connection->affectingStatement()
#3 /data/work_codo/albedo-marketing/albedo-marketing/backend/vendor/laravel/framework/src/Illuminate/Database/Query/Builder.php(4024): Illuminate\\Database\\Connection->delete()
#4 /data/work_codo/albedo-marketing/albedo-marketing/backend/vendor/laravel/framework/src/Illuminate/Cache/DatabaseStore.php(422): Illuminate\\Database\\Query\\Builder->delete()
#5 /data/work_codo/albedo-marketing/albedo-marketing/backend/vendor/laravel/framework/src/Illuminate/Cache/Repository.php(792): Illuminate\\Cache\\DatabaseStore->flush()
#6 /data/work_codo/albedo-marketing/albedo-marketing/backend/vendor/laravel/framework/src/Illuminate/Cache/Console/ClearCommand.php(69): Illuminate\\Cache\\Repository->__call()
#7 /data/work_codo/albedo-marketing/albedo-marketing/backend/vendor/laravel/framework/src/Illuminate/Container/BoundMethod.php(36): Illuminate\\Cache\\Console\\ClearCommand->handle()
#8 /data/work_codo/albedo-marketing/albedo-marketing/backend/vendor/laravel/framework/src/Illuminate/Container/Util.php(43): Illuminate\\Container\\BoundMethod::{closure:Illuminate\\Container\\BoundMethod::call():35}()
#9 /data/work_codo/albedo-marketing/albedo-marketing/backend/vendor/laravel/framework/src/Illuminate/Container/BoundMethod.php(95): Illuminate\\Container\\Util::unwrapIfClosure()
#10 /data/work_codo/albedo-marketing/albedo-marketing/backend/vendor/laravel/framework/src/Illuminate/Container/BoundMethod.php(35): Illuminate\\Container\\BoundMethod::callBoundMethod()
#11 /data/work_codo/albedo-marketing/albedo-marketing/backend/vendor/laravel/framework/src/Illuminate/Container/Container.php(696): Illuminate\\Container\\BoundMethod::call()
#12 /data/work_codo/albedo-marketing/albedo-marketing/backend/vendor/laravel/framework/src/Illuminate/Console/Command.php(213): Illuminate\\Container\\Container->call()
#13 /data/work_codo/albedo-marketing/albedo-marketing/backend/vendor/symfony/console/Command/Command.php(341): Illuminate\\Console\\Command->execute()
#14 /data/work_codo/albedo-marketing/albedo-marketing/backend/vendor/laravel/framework/src/Illuminate/Console/Command.php(182): Symfony\\Component\\Console\\Command\\Command->run()
#15 /data/work_codo/albedo-marketing/albedo-marketing/backend/vendor/laravel/framework/src/Illuminate/Console/Concerns/CallsCommands.php(68): Illuminate\\Console\\Command->run()
#16 /data/work_codo/albedo-marketing/albedo-marketing/backend/vendor/laravel/framework/src/Illuminate/Console/Concerns/CallsCommands.php(41): Illuminate\\Console\\Command->runCommand()
#17 /data/work_codo/albedo-marketing/albedo-marketing/backend/vendor/laravel/framework/src/Illuminate/Console/Concerns/CallsCommands.php(53): Illuminate\\Console\\Command->callSilent()
#18 /data/work_codo/albedo-marketing/albedo-marketing/backend/vendor/laravel/framework/src/Illuminate/Foundation/Console/OptimizeClearCommand.php(48): Illuminate\\Console\\Command->callSilently()
#19 /data/work_codo/albedo-marketing/albedo-marketing/backend/vendor/laravel/framework/src/Illuminate/Console/View/Components/Task.php(40): Illuminate\\Foundation\\Console\\OptimizeClearCommand->{closure:Illuminate\\Foundation\\Console\\OptimizeClearCommand::handle():48}()
#20 /data/work_codo/albedo-marketing/albedo-marketing/backend/vendor/laravel/framework/src/Illuminate/Console/View/Components/Factory.php(60): Illuminate\\Console\\View\\Components\\Task->render()
#21 /data/work_codo/albedo-marketing/albedo-marketing/backend/vendor/laravel/framework/src/Illuminate/Foundation/Console/OptimizeClearCommand.php(48): Illuminate\\Console\\View\\Components\\Factory->__call()
#22 /data/work_codo/albedo-marketing/albedo-marketing/backend/vendor/laravel/framework/src/Illuminate/Container/BoundMethod.php(36): Illuminate\\Foundation\\Console\\OptimizeClearCommand->handle()
#23 /data/work_codo/albedo-marketing/albedo-marketing/backend/vendor/laravel/framework/src/Illuminate/Container/Util.php(43): Illuminate\\Container\\BoundMethod::{closure:Illuminate\\Container\\BoundMethod::call():35}()
#24 /data/work_codo/albedo-marketing/albedo-marketing/backend/vendor/laravel/framework/src/Illuminate/Container/BoundMethod.php(95): Illuminate\\Container\\Util::unwrapIfClosure()
#25 /data/work_codo/albedo-marketing/albedo-marketing/backend/vendor/laravel/framework/src/Illuminate/Container/BoundMethod.php(35): Illuminate\\Container\\BoundMethod::callBoundMethod()
#26 /data/work_codo/albedo-marketing/albedo-marketing/backend/vendor/laravel/framework/src/Illuminate/Container/Container.php(696): Illuminate\\Container\\BoundMethod::call()
#27 /data/work_codo/albedo-marketing/albedo-marketing/backend/vendor/laravel/framework/src/Illuminate/Console/Command.php(213): Illuminate\\Container\\Container->call()
#28 /data/work_codo/albedo-marketing/albedo-marketing/backend/vendor/symfony/console/Command/Command.php(341): Illuminate\\Console\\Command->execute()
#29 /data/work_codo/albedo-marketing/albedo-marketing/backend/vendor/laravel/framework/src/Illuminate/Console/Command.php(182): Symfony\\Component\\Console\\Command\\Command->run()
#30 /data/work_codo/albedo-marketing/albedo-marketing/backend/vendor/symfony/console/Application.php(1117): Illuminate\\Console\\Command->run()
#31 /data/work_codo/albedo-marketing/albedo-marketing/backend/vendor/symfony/console/Application.php(356): Symfony\\Component\\Console\\Application->doRunCommand()
#32 /data/work_codo/albedo-marketing/albedo-marketing/backend/vendor/symfony/console/Application.php(195): Symfony\\Component\\Console\\Application->doRun()
#33 /data/work_codo/albedo-marketing/albedo-marketing/backend/vendor/laravel/framework/src/Illuminate/Foundation/Console/Kernel.php(198): Symfony\\Component\\Console\\Application->run()
#34 /data/work_codo/albedo-marketing/albedo-marketing/backend/vendor/laravel/framework/src/Illuminate/Foundation/Application.php(1235): Illuminate\\Foundation\\Console\\Kernel->handle()
#35 /data/work_codo/albedo-marketing/albedo-marketing/backend/artisan(13): Illuminate\\Foundation\\Application->handleCommand()
#36 {main}

[previous exception] [object] (PDOException(code: 1698): SQLSTATE[HY000] [1698] Access denied for user 'root'@'localhost' at /data/work_codo/albedo-marketing/albedo-marketing/backend/vendor/laravel/framework/src/Illuminate/Database/Connectors/Connector.php:67)
[stacktrace]
#0 /data/work_codo/albedo-marketing/albedo-marketing/backend/vendor/laravel/framework/src/Illuminate/Database/Connectors/Connector.php(67): PDO::connect()
#1 /data/work_codo/albedo-marketing/albedo-marketing/backend/vendor/laravel/framework/src/Illuminate/Database/Connectors/Connector.php(44): Illuminate\\Database\\Connectors\\Connector->createPdoConnection()
#2 /data/work_codo/albedo-marketing/albedo-marketing/backend/vendor/laravel/framework/src/Illuminate/Database/Connectors/MySqlConnector.php(24): Illuminate\\Database\\Connectors\\Connector->createConnection()
#3 /data/work_codo/albedo-marketing/albedo-marketing/backend/vendor/laravel/framework/src/Illuminate/Database/Connectors/ConnectionFactory.php(185): Illuminate\\Database\\Connectors\\MySqlConnector->connect()
#4 [internal function]: Illuminate\\Database\\Connectors\\ConnectionFactory->{closure:Illuminate\\Database\\Connectors\\ConnectionFactory::createPdoResolverWithHosts():180}()
#5 /data/work_codo/albedo-marketing/albedo-marketing/backend/vendor/laravel/framework/src/Illuminate/Database/Connection.php(1231): call_user_func()
#6 /data/work_codo/albedo-marketing/albedo-marketing/backend/vendor/laravel/framework/src/Illuminate/Database/Connection.php(592): Illuminate\\Database\\Connection->getPdo()
#7 /data/work_codo/albedo-marketing/albedo-marketing/backend/vendor/laravel/framework/src/Illuminate/Database/Connection.php(812): Illuminate\\Database\\Connection->{closure:Illuminate\\Database\\Connection::affectingStatement():584}()
#8 /data/work_codo/albedo-marketing/albedo-marketing/backend/vendor/laravel/framework/src/Illuminate/Database/Connection.php(779): Illuminate\\Database\\Connection->runQueryCallback()
#9 /data/work_codo/albedo-marketing/albedo-marketing/backend/vendor/laravel/framework/src/Illuminate/Database/Connection.php(584): Illuminate\\Database\\Connection->run()
#10 /data/work_codo/albedo-marketing/albedo-marketing/backend/vendor/laravel/framework/src/Illuminate/Database/Connection.php(548): Illuminate\\Database\\Connection->affectingStatement()
#11 /data/work_codo/albedo-marketing/albedo-marketing/backend/vendor/laravel/framework/src/Illuminate/Database/Query/Builder.php(4024): Illuminate\\Database\\Connection->delete()
#12 /data/work_codo/albedo-marketing/albedo-marketing/backend/vendor/laravel/framework/src/Illuminate/Cache/DatabaseStore.php(422): Illuminate\\Database\\Query\\Builder->delete()
#13 /data/work_codo/albedo-marketing/albedo-marketing/backend/vendor/laravel/framework/src/Illuminate/Cache/Repository.php(792): Illuminate\\Cache\\DatabaseStore->flush()
#14 /data/work_codo/albedo-marketing/albedo-marketing/backend/vendor/laravel/framework/src/Illuminate/Cache/Console/ClearCommand.php(69): Illuminate\\Cache\\Repository->__call()
#15 /data/work_codo/albedo-marketing/albedo-marketing/backend/vendor/laravel/framework/src/Illuminate/Container/BoundMethod.php(36): Illuminate\\Cache\\Console\\ClearCommand->handle()
#16 /data/work_codo/albedo-marketing/albedo-marketing/backend/vendor/laravel/framework/src/Illuminate/Container/Util.php(43): Illuminate\\Container\\BoundMethod::{closure:Illuminate\\Container\\BoundMethod::call():35}()
#17 /data/work_codo/albedo-marketing/albedo-marketing/backend/vendor/laravel/framework/src/Illuminate/Container/BoundMethod.php(95): Illuminate\\Container\\Util::unwrapIfClosure()
#18 /data/work_codo/albedo-marketing/albedo-marketing/backend/vendor/laravel/framework/src/Illuminate/Container/BoundMethod.php(35): Illuminate\\Container\\BoundMethod::callBoundMethod()
#19 /data/work_codo/albedo-marketing/albedo-marketing/backend/vendor/laravel/framework/src/Illuminate/Container/Container.php(696): Illuminate\\Container\\BoundMethod::call()
#20 /data/work_codo/albedo-marketing/albedo-marketing/backend/vendor/laravel/framework/src/Illuminate/Console/Command.php(213): Illuminate\\Container\\Container->call()
#21 /data/work_codo/albedo-marketing/albedo-marketing/backend/vendor/symfony/console/Command/Command.php(341): Illuminate\\Console\\Command->execute()
#22 /data/work_codo/albedo-marketing/albedo-marketing/backend/vendor/laravel/framework/src/Illuminate/Console/Command.php(182): Symfony\\Component\\Console\\Command\\Command->run()
#23 /data/work_codo/albedo-marketing/albedo-marketing/backend/vendor/laravel/framework/src/Illuminate/Console/Concerns/CallsCommands.php(68): Illuminate\\Console\\Command->run()
#24 /data/work_codo/albedo-marketing/albedo-marketing/backend/vendor/laravel/framework/src/Illuminate/Console/Concerns/CallsCommands.php(41): Illuminate\\Console\\Command->runCommand()
#25 /data/work_codo/albedo-marketing/albedo-marketing/backend/vendor/laravel/framework/src/Illuminate/Console/Concerns/CallsCommands.php(53): Illuminate\\Console\\Command->callSilent()
#26 /data/work_codo/albedo-marketing/albedo-marketing/backend/vendor/laravel/framework/src/Illuminate/Foundation/Console/OptimizeClearCommand.php(48): Illuminate\\Console\\Command->callSilently()
#27 /data/work_codo/albedo-marketing/albedo-marketing/backend/vendor/laravel/framework/src/Illuminate/Console/View/Components/Task.php(40): Illuminate\\Foundation\\Console\\OptimizeClearCommand->{closure:Illuminate\\Foundation\\Console\\OptimizeClearCommand::handle():48}()
#28 /data/work_codo/albedo-marketing/albedo-marketing/backend/vendor/laravel/framework/src/Illuminate/Console/View/Components/Factory.php(60): Illuminate\\Console\\View\\Components\\Task->render()
#29 /data/work_codo/albedo-marketing/albedo-marketing/backend/vendor/laravel/framework/src/Illuminate/Foundation/Console/OptimizeClearCommand.php(48): Illuminate\\Console\\View\\Components\\Factory->__call()
#30 /data/work_codo/albedo-marketing/albedo-marketing/backend/vendor/laravel/framework/src/Illuminate/Container/BoundMethod.php(36): Illuminate\\Foundation\\Console\\OptimizeClearCommand->handle()
#31 /data/work_codo/albedo-marketing/albedo-marketing/backend/vendor/laravel/framework/src/Illuminate/Container/Util.php(43): Illuminate\\Container\\BoundMethod::{closure:Illuminate\\Container\\BoundMethod::call():35}()
#32 /data/work_codo/albedo-marketing/albedo-marketing/backend/vendor/laravel/framework/src/Illuminate/Container/BoundMethod.php(95): Illuminate\\Container\\Util::unwrapIfClosure()
#33 /data/work_codo/albedo-marketing/albedo-marketing/backend/vendor/laravel/framework/src/Illuminate/Container/BoundMethod.php(35): Illuminate\\Container\\BoundMethod::callBoundMethod()
#34 /data/work_codo/albedo-marketing/albedo-marketing/backend/vendor/laravel/framework/src/Illuminate/Container/Container.php(696): Illuminate\\Container\\BoundMethod::call()
#35 /data/work_codo/albedo-marketing/albedo-marketing/backend/vendor/laravel/framework/src/Illuminate/Console/Command.php(213): Illuminate\\Container\\Container->call()
#36 /data/work_codo/albedo-marketing/albedo-marketing/backend/vendor/symfony/console/Command/Command.php(341): Illuminate\\Console\\Command->execute()
#37 /data/work_codo/albedo-marketing/albedo-marketing/backend/vendor/laravel/framework/src/Illuminate/Console/Command.php(182): Symfony\\Component\\Console\\Command\\Command->run()
#38 /data/work_codo/albedo-marketing/albedo-marketing/backend/vendor/symfony/console/Application.php(1117): Illuminate\\Console\\Command->run()
#39 /data/work_codo/albedo-marketing/albedo-marketing/backend/vendor/symfony/console/Application.php(356): Symfony\\Component\\Console\\Application->doRunCommand()
#40 /data/work_codo/albedo-marketing/albedo-marketing/backend/vendor/symfony/console/Application.php(195): Symfony\\Component\\Console\\Application->doRun()
#41 /data/work_codo/albedo-marketing/albedo-marketing/backend/vendor/laravel/framework/src/Illuminate/Foundation/Console/Kernel.php(198): Symfony\\Component\\Console\\Application->run()
#42 /data/work_codo/albedo-marketing/albedo-marketing/backend/vendor/laravel/framework/src/Illuminate/Foundation/Application.php(1235): Illuminate\\Foundation\\Console\\Kernel->handle()
#43 /data/work_codo/albedo-marketing/albedo-marketing/backend/artisan(13): Illuminate\\Foundation\\Application->handleCommand()
#44 {main}
"} 
[2026-08-29 06:00:28] local.ERROR: SQLSTATE[HY000] [1698] Access denied for user 'root'@'localhost' (Connection: mysql, SQL: select exists (select 1 from information_schema.tables where table_schema = 'albedo_market_local' and table_name = 'migrations' and table_type in ('BASE TABLE', 'SYSTEM VERSIONED')) as `exists`) {"exception":"[object] (Illuminate\\Database\\QueryException(code: 1698): SQLSTATE[HY000] [1698] Access denied for user 'root'@'localhost' (Connection: mysql, SQL: select exists (select 1 from information_schema.tables where table_schema = 'albedo_market_local' and table_name = 'migrations' and table_type in ('BASE TABLE', 'SYSTEM VERSIONED')) as `exists`) at /data/work_codo/albedo-marketing/albedo-marketing/backend/vendor/laravel/framework/src/Illuminate/Database/Connection.php:825)
[stacktrace]
#0 /data/work_codo/albedo-marketing/albedo-marketing/backend/vendor/laravel/framework/src/Illuminate/Database/Connection.php(779): Illuminate\\Database\\Connection->runQueryCallback()
#1 /data/work_codo/albedo-marketing/albedo-marketing/backend/vendor/laravel/framework/src/Illuminate/Database/Connection.php(398): Illuminate\\Database\\Connection->run()
#2 /data/work_codo/albedo-marketing/albedo-marketing/backend/vendor/laravel/framework/src/Illuminate/Database/Connection.php(344): Illuminate\\Database\\Connection->select()
#3 /data/work_codo/albedo-marketing/albedo-marketing/backend/vendor/laravel/framework/src/Illuminate/Database/Connection.php(361): Illuminate\\Database\\Connection->selectOne()
#4 /data/work_codo/albedo-marketing/albedo-marketing/backend/vendor/laravel/framework/src/Illuminate/Database/Schema/MySqlBuilder.php(45): Illuminate\\Database\\Connection->scalar()
#5 /data/work_codo/albedo-marketing/albedo-marketing/backend/vendor/laravel/framework/src/Illuminate/Database/Migrations/DatabaseMigrationRepository.php(184): Illuminate\\Database\\Schema\\MySqlBuilder->hasTable()
#6 /data/work_codo/albedo-marketing/albedo-marketing/backend/vendor/laravel/framework/src/Illuminate/Database/Migrations/Migrator.php(742): Illuminate\\Database\\Migrations\\DatabaseMigrationRepository->repositoryExists()
#7 /data/work_codo/albedo-marketing/albedo-marketing/backend/vendor/laravel/framework/src/Illuminate/Database/Console/Migrations/MigrateCommand.php(165): Illuminate\\Database\\Migrations\\Migrator->repositoryExists()
#8 /data/work_codo/albedo-marketing/albedo-marketing/backend/vendor/laravel/framework/src/Illuminate/Support/helpers.php(338): Illuminate\\Database\\Console\\Migrations\\MigrateCommand->{closure:Illuminate\\Database\\Console\\Migrations\\MigrateCommand::repositoryExists():165}()
#9 /data/work_codo/albedo-marketing/albedo-marketing/backend/vendor/laravel/framework/src/Illuminate/Database/Console/Migrations/MigrateCommand.php(165): retry()
#10 /data/work_codo/albedo-marketing/albedo-marketing/backend/vendor/laravel/framework/src/Illuminate/Database/Console/Migrations/MigrateCommand.php(141): Illuminate\\Database\\Console\\Migrations\\MigrateCommand->repositoryExists()
#11 /data/work_codo/albedo-marketing/albedo-marketing/backend/vendor/laravel/framework/src/Illuminate/Database/Console/Migrations/MigrateCommand.php(111): Illuminate\\Database\\Console\\Migrations\\MigrateCommand->prepareDatabase()
#12 /data/work_codo/albedo-marketing/albedo-marketing/backend/vendor/laravel/framework/src/Illuminate/Database/Migrations/Migrator.php(658): Illuminate\\Database\\Console\\Migrations\\MigrateCommand->{closure:Illuminate\\Database\\Console\\Migrations\\MigrateCommand::runMigrations():110}()
#13 /data/work_codo/albedo-marketing/albedo-marketing/backend/vendor/laravel/framework/src/Illuminate/Database/Console/Migrations/MigrateCommand.php(110): Illuminate\\Database\\Migrations\\Migrator->usingConnection()
#14 /data/work_codo/albedo-marketing/albedo-marketing/backend/vendor/laravel/framework/src/Illuminate/Database/Console/Migrations/MigrateCommand.php(89): Illuminate\\Database\\Console\\Migrations\\MigrateCommand->runMigrations()
#15 /data/work_codo/albedo-marketing/albedo-marketing/backend/vendor/laravel/framework/src/Illuminate/Container/BoundMethod.php(36): Illuminate\\Database\\Console\\Migrations\\MigrateCommand->handle()
#16 /data/work_codo/albedo-marketing/albedo-marketing/backend/vendor/laravel/framework/src/Illuminate/Container/Util.php(43): Illuminate\\Container\\BoundMethod::{closure:Illuminate\\Container\\BoundMethod::call():35}()
#17 /data/work_codo/albedo-marketing/albedo-marketing/backend/vendor/laravel/framework/src/Illuminate/Container/BoundMethod.php(95): Illuminate\\Container\\Util::unwrapIfClosure()
#18 /data/work_codo/albedo-marketing/albedo-marketing/backend/vendor/laravel/framework/src/Illuminate/Container/BoundMethod.php(35): Illuminate\\Container\\BoundMethod::callBoundMethod()
#19 /data/work_codo/albedo-marketing/albedo-marketing/backend/vendor/laravel/framework/src/Illuminate/Container/Container.php(696): Illuminate\\Container\\BoundMethod::call()
#20 /data/work_codo/albedo-marketing/albedo-marketing/backend/vendor/laravel/framework/src/Illuminate/Console/Command.php(213): Illuminate\\Container\\Container->call()
#21 /data/work_codo/albedo-marketing/albedo-marketing/backend/vendor/symfony/console/Command/Command.php(341): Illuminate\\Console\\Command->execute()
#22 /data/work_codo/albedo-marketing/albedo-marketing/backend/vendor/laravel/framework/src/Illuminate/Console/Command.php(182): Symfony\\Component\\Console\\Command\\Command->run()
#23 /data/work_codo/albedo-marketing/albedo-marketing/backend/vendor/symfony/console/Application.php(1117): Illuminate\\Console\\Command->run()
#24 /data/work_codo/albedo-marketing/albedo-marketing/backend/vendor/symfony/console/Application.php(356): Symfony\\Component\\Console\\Application->doRunCommand()
#25 /data/work_codo/albedo-marketing/albedo-marketing/backend/vendor/symfony/console/Application.php(195): Symfony\\Component\\Console\\Application->doRun()
#26 /data/work_codo/albedo-marketing/albedo-marketing/backend/vendor/laravel/framework/src/Illuminate/Foundation/Console/Kernel.php(198): Symfony\\Component\\Console\\Application->run()
#27 /data/work_codo/albedo-marketing/albedo-marketing/backend/vendor/laravel/framework/src/Illuminate/Foundation/Application.php(1235): Illuminate\\Foundation\\Console\\Kernel->handle()
#28 /data/work_codo/albedo-marketing/albedo-marketing/backend/artisan(13): Illuminate\\Foundation\\Application->handleCommand()
#29 {main}

[previous exception] [object] (PDOException(code: 1698): SQLSTATE[HY000] [1698] Access denied for user 'root'@'localhost' at /data/work_codo/albedo-marketing/albedo-marketing/backend/vendor/laravel/framework/src/Illuminate/Database/Connectors/Connector.php:67)
[stacktrace]
#0 /data/work_codo/albedo-marketing/albedo-marketing/backend/vendor/laravel/framework/src/Illuminate/Database/Connectors/Connector.php(67): PDO::connect()
#1 /data/work_codo/albedo-marketing/albedo-marketing/backend/vendor/laravel/framework/src/Illuminate/Database/Connectors/Connector.php(44): Illuminate\\Database\\Connectors\\Connector->createPdoConnection()
#2 /data/work_codo/albedo-marketing/albedo-marketing/backend/vendor/laravel/framework/src/Illuminate/Database/Connectors/MySqlConnector.php(24): Illuminate\\Database\\Connectors\\Connector->createConnection()
#3 /data/work_codo/albedo-marketing/albedo-marketing/backend/vendor/laravel/framework/src/Illuminate/Database/Connectors/ConnectionFactory.php(185): Illuminate\\Database\\Connectors\\MySqlConnector->connect()
#4 [internal function]: Illuminate\\Database\\Connectors\\ConnectionFactory->{closure:Illuminate\\Database\\Connectors\\ConnectionFactory::createPdoResolverWithHosts():180}()
#5 /data/work_codo/albedo-marketing/albedo-marketing/backend/vendor/laravel/framework/src/Illuminate/Database/Connection.php(1231): call_user_func()
#6 /data/work_codo/albedo-marketing/albedo-marketing/backend/vendor/laravel/framework/src/Illuminate/Database/Connection.php(1267): Illuminate\\Database\\Connection->getPdo()
#7 /data/work_codo/albedo-marketing/albedo-marketing/backend/vendor/laravel/framework/src/Illuminate/Database/Connection.php(512): Illuminate\\Database\\Connection->getReadPdo()
#8 /data/work_codo/albedo-marketing/albedo-marketing/backend/vendor/laravel/framework/src/Illuminate/Database/Connection.php(407): Illuminate\\Database\\Connection->getPdoForSelect()
#9 /data/work_codo/albedo-marketing/albedo-marketing/backend/vendor/laravel/framework/src/Illuminate/Database/Connection.php(812): Illuminate\\Database\\Connection->{closure:Illuminate\\Database\\Connection::select():398}()
#10 /data/work_codo/albedo-marketing/albedo-marketing/backend/vendor/laravel/framework/src/Illuminate/Database/Connection.php(779): Illuminate\\Database\\Connection->runQueryCallback()
#11 /data/work_codo/albedo-marketing/albedo-marketing/backend/vendor/laravel/framework/src/Illuminate/Database/Connection.php(398): Illuminate\\Database\\Connection->run()
#12 /data/work_codo/albedo-marketing/albedo-marketing/backend/vendor/laravel/framework/src/Illuminate/Database/Connection.php(344): Illuminate\\Database\\Connection->select()
#13 /data/work_codo/albedo-marketing/albedo-marketing/backend/vendor/laravel/framework/src/Illuminate/Database/Connection.php(361): Illuminate\\Database\\Connection->selectOne()
#14 /data/work_codo/albedo-marketing/albedo-marketing/backend/vendor/laravel/framework/src/Illuminate/Database/Schema/MySqlBuilder.php(45): Illuminate\\Database\\Connection->scalar()
#15 /data/work_codo/albedo-marketing/albedo-marketing/backend/vendor/laravel/framework/src/Illuminate/Database/Migrations/DatabaseMigrationRepository.php(184): Illuminate\\Database\\Schema\\MySqlBuilder->hasTable()
#16 /data/work_codo/albedo-marketing/albedo-marketing/backend/vendor/laravel/framework/src/Illuminate/Database/Migrations/Migrator.php(742): Illuminate\\Database\\Migrations\\DatabaseMigrationRepository->repositoryExists()
#17 /data/work_codo/albedo-marketing/albedo-marketing/backend/vendor/laravel/framework/src/Illuminate/Database/Console/Migrations/MigrateCommand.php(165): Illuminate\\Database\\Migrations\\Migrator->repositoryExists()
#18 /data/work_codo/albedo-marketing/albedo-marketing/backend/vendor/laravel/framework/src/Illuminate/Support/helpers.php(338): Illuminate\\Database\\Console\\Migrations\\MigrateCommand->{closure:Illuminate\\Database\\Console\\Migrations\\MigrateCommand::repositoryExists():165}()
#19 /data/work_codo/albedo-marketing/albedo-marketing/backend/vendor/laravel/framework/src/Illuminate/Database/Console/Migrations/MigrateCommand.php(165): retry()
#20 /data/work_codo/albedo-marketing/albedo-marketing/backend/vendor/laravel/framework/src/Illuminate/Database/Console/Migrations/MigrateCommand.php(141): Illuminate\\Database\\Console\\Migrations\\MigrateCommand->repositoryExists()
#21 /data/work_codo/albedo-marketing/albedo-marketing/backend/vendor/laravel/framework/src/Illuminate/Database/Console/Migrations/MigrateCommand.php(111): Illuminate\\Database\\Console\\Migrations\\MigrateCommand->prepareDatabase()
#22 /data/work_codo/albedo-marketing/albedo-marketing/backend/vendor/laravel/framework/src/Illuminate/Database/Migrations/Migrator.php(658): Illuminate\\Database\\Console\\Migrations\\MigrateCommand->{closure:Illuminate\\Database\\Console\\Migrations\\MigrateCommand::runMigrations():110}()
#23 /data/work_codo/albedo-marketing/albedo-marketing/backend/vendor/laravel/framework/src/Illuminate/Database/Console/Migrations/MigrateCommand.php(110): Illuminate\\Database\\Migrations\\Migrator->usingConnection()
#24 /data/work_codo/albedo-marketing/albedo-marketing/backend/vendor/laravel/framework/src/Illuminate/Database/Console/Migrations/MigrateCommand.php(89): Illuminate\\Database\\Console\\Migrations\\MigrateCommand->runMigrations()
#25 /data/work_codo/albedo-marketing/albedo-marketing/backend/vendor/laravel/framework/src/Illuminate/Container/BoundMethod.php(36): Illuminate\\Database\\Console\\Migrations\\MigrateCommand->handle()
#26 /data/work_codo/albedo-marketing/albedo-marketing/backend/vendor/laravel/framework/src/Illuminate/Container/Util.php(43): Illuminate\\Container\\BoundMethod::{closure:Illuminate\\Container\\BoundMethod::call():35}()
#27 /data/work_codo/albedo-marketing/albedo-marketing/backend/vendor/laravel/framework/src/Illuminate/Container/BoundMethod.php(95): Illuminate\\Container\\Util::unwrapIfClosure()
#28 /data/work_codo/albedo-marketing/albedo-marketing/backend/vendor/laravel/framework/src/Illuminate/Container/BoundMethod.php(35): Illuminate\\Container\\BoundMethod::callBoundMethod()
#29 /data/work_codo/albedo-marketing/albedo-marketing/backend/vendor/laravel/framework/src/Illuminate/Container/Container.php(696): Illuminate\\Container\\BoundMethod::call()
#30 /data/work_codo/albedo-marketing/albedo-marketing/backend/vendor/laravel/framework/src/Illuminate/Console/Command.php(213): Illuminate\\Container\\Container->call()
#31 /data/work_codo/albedo-marketing/albedo-marketing/backend/vendor/symfony/console/Command/Command.php(341): Illuminate\\Console\\Command->execute()
#32 /data/work_codo/albedo-marketing/albedo-marketing/backend/vendor/laravel/framework/src/Illuminate/Console/Command.php(182): Symfony\\Component\\Console\\Command\\Command->run()
#33 /data/work_codo/albedo-marketing/albedo-marketing/backend/vendor/symfony/console/Application.php(1117): Illuminate\\Console\\Command->run()
#34 /data/work_codo/albedo-marketing/albedo-marketing/backend/vendor/symfony/console/Application.php(356): Symfony\\Component\\Console\\Application->doRunCommand()
#35 /data/work_codo/albedo-marketing/albedo-marketing/backend/vendor/symfony/console/Application.php(195): Symfony\\Component\\Console\\Application->doRun()
#36 /data/work_codo/albedo-marketing/albedo-marketing/backend/vendor/laravel/framework/src/Illuminate/Foundation/Console/Kernel.php(198): Symfony\\Component\\Console\\Application->run()
#37 /data/work_codo/albedo-marketing/albedo-marketing/backend/vendor/laravel/framework/src/Illuminate/Foundation/Application.php(1235): Illuminate\\Foundation\\Console\\Kernel->handle()
#38 /data/work_codo/albedo-marketing/albedo-marketing/backend/artisan(13): Illuminate\\Foundation\\Application->handleCommand()
#39 {main}
"} 
[2026-08-29 06:02:02] local.ERROR: SQLSTATE[42S02]: Base table or view not found: 1146 Table 'albedo_market_local.cache' doesn't exist (Connection: mysql, SQL: delete from `cache`) {"exception":"[object] (Illuminate\\Database\\QueryException(code: 42S02): SQLSTATE[42S02]: Base table or view not found: 1146 Table 'albedo_market_local.cache' doesn't exist (Connection: mysql, SQL: delete from `cache`) at /data/work_codo/albedo-marketing/albedo-marketing/backend/vendor/laravel/framework/src/Illuminate/Database/Connection.php:825)
[stacktrace]
#0 /data/work_codo/albedo-marketing/albedo-marketing/backend/vendor/laravel/framework/src/Illuminate/Database/Connection.php(779): Illuminate\\Database\\Connection->runQueryCallback()
#1 /data/work_codo/albedo-marketing/albedo-marketing/backend/vendor/laravel/framework/src/Illuminate/Database/Connection.php(584): Illuminate\\Database\\Connection->run()
#2 /data/work_codo/albedo-marketing/albedo-marketing/backend/vendor/laravel/framework/src/Illuminate/Database/Connection.php(548): Illuminate\\Database\\Connection->affectingStatement()
#3 /data/work_codo/albedo-marketing/albedo-marketing/backend/vendor/laravel/framework/src/Illuminate/Database/Query/Builder.php(4024): Illuminate\\Database\\Connection->delete()
#4 /data/work_codo/albedo-marketing/albedo-marketing/backend/vendor/laravel/framework/src/Illuminate/Cache/DatabaseStore.php(422): Illuminate\\Database\\Query\\Builder->delete()
#5 /data/work_codo/albedo-marketing/albedo-marketing/backend/vendor/laravel/framework/src/Illuminate/Cache/Repository.php(792): Illuminate\\Cache\\DatabaseStore->flush()
#6 /data/work_codo/albedo-marketing/albedo-marketing/backend/vendor/laravel/framework/src/Illuminate/Cache/Console/ClearCommand.php(69): Illuminate\\Cache\\Repository->__call()
#7 /data/work_codo/albedo-marketing/albedo-marketing/backend/vendor/laravel/framework/src/Illuminate/Container/BoundMethod.php(36): Illuminate\\Cache\\Console\\ClearCommand->handle()
#8 /data/work_codo/albedo-marketing/albedo-marketing/backend/vendor/laravel/framework/src/Illuminate/Container/Util.php(43): Illuminate\\Container\\BoundMethod::{closure:Illuminate\\Container\\BoundMethod::call():35}()
#9 /data/work_codo/albedo-marketing/albedo-marketing/backend/vendor/laravel/framework/src/Illuminate/Container/BoundMethod.php(95): Illuminate\\Container\\Util::unwrapIfClosure()
#10 /data/work_codo/albedo-marketing/albedo-marketing/backend/vendor/laravel/framework/src/Illuminate/Container/BoundMethod.php(35): Illuminate\\Container\\BoundMethod::callBoundMethod()
#11 /data/work_codo/albedo-marketing/albedo-marketing/backend/vendor/laravel/framework/src/Illuminate/Container/Container.php(696): Illuminate\\Container\\BoundMethod::call()
#12 /data/work_codo/albedo-marketing/albedo-marketing/backend/vendor/laravel/framework/src/Illuminate/Console/Command.php(213): Illuminate\\Container\\Container->call()
#13 /data/work_codo/albedo-marketing/albedo-marketing/backend/vendor/symfony/console/Command/Command.php(341): Illuminate\\Console\\Command->execute()
#14 /data/work_codo/albedo-marketing/albedo-marketing/backend/vendor/laravel/framework/src/Illuminate/Console/Command.php(182): Symfony\\Component\\Console\\Command\\Command->run()
#15 /data/work_codo/albedo-marketing/albedo-marketing/backend/vendor/laravel/framework/src/Illuminate/Console/Concerns/CallsCommands.php(68): Illuminate\\Console\\Command->run()
#16 /data/work_codo/albedo-marketing/albedo-marketing/backend/vendor/laravel/framework/src/Illuminate/Console/Concerns/CallsCommands.php(41): Illuminate\\Console\\Command->runCommand()
#17 /data/work_codo/albedo-marketing/albedo-marketing/backend/vendor/laravel/framework/src/Illuminate/Console/Concerns/CallsCommands.php(53): Illuminate\\Console\\Command->callSilent()
#18 /data/work_codo/albedo-marketing/albedo-marketing/backend/vendor/laravel/framework/src/Illuminate/Foundation/Console/OptimizeClearCommand.php(48): Illuminate\\Console\\Command->callSilently()
#19 /data/work_codo/albedo-marketing/albedo-marketing/backend/vendor/laravel/framework/src/Illuminate/Console/View/Components/Task.php(40): Illuminate\\Foundation\\Console\\OptimizeClearCommand->{closure:Illuminate\\Foundation\\Console\\OptimizeClearCommand::handle():48}()
#20 /data/work_codo/albedo-marketing/albedo-marketing/backend/vendor/laravel/framework/src/Illuminate/Console/View/Components/Factory.php(60): Illuminate\\Console\\View\\Components\\Task->render()
#21 /data/work_codo/albedo-marketing/albedo-marketing/backend/vendor/laravel/framework/src/Illuminate/Foundation/Console/OptimizeClearCommand.php(48): Illuminate\\Console\\View\\Components\\Factory->__call()
#22 /data/work_codo/albedo-marketing/albedo-marketing/backend/vendor/laravel/framework/src/Illuminate/Container/BoundMethod.php(36): Illuminate\\Foundation\\Console\\OptimizeClearCommand->handle()
#23 /data/work_codo/albedo-marketing/albedo-marketing/backend/vendor/laravel/framework/src/Illuminate/Container/Util.php(43): Illuminate\\Container\\BoundMethod::{closure:Illuminate\\Container\\BoundMethod::call():35}()
#24 /data/work_codo/albedo-marketing/albedo-marketing/backend/vendor/laravel/framework/src/Illuminate/Container/BoundMethod.php(95): Illuminate\\Container\\Util::unwrapIfClosure()
#25 /data/work_codo/albedo-marketing/albedo-marketing/backend/vendor/laravel/framework/src/Illuminate/Container/BoundMethod.php(35): Illuminate\\Container\\BoundMethod::callBoundMethod()
#26 /data/work_codo/albedo-marketing/albedo-marketing/backend/vendor/laravel/framework/src/Illuminate/Container/Container.php(696): Illuminate\\Container\\BoundMethod::call()
#27 /data/work_codo/albedo-marketing/albedo-marketing/backend/vendor/laravel/framework/src/Illuminate/Console/Command.php(213): Illuminate\\Container\\Container->call()
#28 /data/work_codo/albedo-marketing/albedo-marketing/backend/vendor/symfony/console/Command/Command.php(341): Illuminate\\Console\\Command->execute()
#29 /data/work_codo/albedo-marketing/albedo-marketing/backend/vendor/laravel/framework/src/Illuminate/Console/Command.php(182): Symfony\\Component\\Console\\Command\\Command->run()
#30 /data/work_codo/albedo-marketing/albedo-marketing/backend/vendor/symfony/console/Application.php(1117): Illuminate\\Console\\Command->run()
#31 /data/work_codo/albedo-marketing/albedo-marketing/backend/vendor/symfony/console/Application.php(356): Symfony\\Component\\Console\\Application->doRunCommand()
#32 /data/work_codo/albedo-marketing/albedo-marketing/backend/vendor/symfony/console/Application.php(195): Symfony\\Component\\Console\\Application->doRun()
#33 /data/work_codo/albedo-marketing/albedo-marketing/backend/vendor/laravel/framework/src/Illuminate/Foundation/Console/Kernel.php(198): Symfony\\Component\\Console\\Application->run()
#34 /data/work_codo/albedo-marketing/albedo-marketing/backend/vendor/laravel/framework/src/Illuminate/Foundation/Application.php(1235): Illuminate\\Foundation\\Console\\Kernel->handle()
#35 /data/work_codo/albedo-marketing/albedo-marketing/backend/artisan(13): Illuminate\\Foundation\\Application->handleCommand()
#36 {main}

[previous exception] [object] (PDOException(code: 42S02): SQLSTATE[42S02]: Base table or view not found: 1146 Table 'albedo_market_local.cache' doesn't exist at /data/work_codo/albedo-marketing/albedo-marketing/backend/vendor/laravel/framework/src/Illuminate/Database/Connection.php:592)
[stacktrace]
#0 /data/work_codo/albedo-marketing/albedo-marketing/backend/vendor/laravel/framework/src/Illuminate/Database/Connection.php(592): PDO->prepare()
#1 /data/work_codo/albedo-marketing/albedo-marketing/backend/vendor/laravel/framework/src/Illuminate/Database/Connection.php(812): Illuminate\\Database\\Connection->{closure:Illuminate\\Database\\Connection::affectingStatement():584}()
#2 /data/work_codo/albedo-marketing/albedo-marketing/backend/vendor/laravel/framework/src/Illuminate/Database/Connection.php(779): Illuminate\\Database\\Connection->runQueryCallback()
#3 /data/work_codo/albedo-marketing/albedo-marketing/backend/vendor/laravel/framework/src/Illuminate/Database/Connection.php(584): Illuminate\\Database\\Connection->run()
#4 /data/work_codo/albedo-marketing/albedo-marketing/backend/vendor/laravel/framework/src/Illuminate/Database/Connection.php(548): Illuminate\\Database\\Connection->affectingStatement()
#5 /data/work_codo/albedo-marketing/albedo-marketing/backend/vendor/laravel/framework/src/Illuminate/Database/Query/Builder.php(4024): Illuminate\\Database\\Connection->delete()
#6 /data/work_codo/albedo-marketing/albedo-marketing/backend/vendor/laravel/framework/src/Illuminate/Cache/DatabaseStore.php(422): Illuminate\\Database\\Query\\Builder->delete()
#7 /data/work_codo/albedo-marketing/albedo-marketing/backend/vendor/laravel/framework/src/Illuminate/Cache/Repository.php(792): Illuminate\\Cache\\DatabaseStore->flush()
#8 /data/work_codo/albedo-marketing/albedo-marketing/backend/vendor/laravel/framework/src/Illuminate/Cache/Console/ClearCommand.php(69): Illuminate\\Cache\\Repository->__call()
#9 /data/work_codo/albedo-marketing/albedo-marketing/backend/vendor/laravel/framework/src/Illuminate/Container/BoundMethod.php(36): Illuminate\\Cache\\Console\\ClearCommand->handle()
#10 /data/work_codo/albedo-marketing/albedo-marketing/backend/vendor/laravel/framework/src/Illuminate/Container/Util.php(43): Illuminate\\Container\\BoundMethod::{closure:Illuminate\\Container\\BoundMethod::call():35}()
#11 /data/work_codo/albedo-marketing/albedo-marketing/backend/vendor/laravel/framework/src/Illuminate/Container/BoundMethod.php(95): Illuminate\\Container\\Util::unwrapIfClosure()
#12 /data/work_codo/albedo-marketing/albedo-marketing/backend/vendor/laravel/framework/src/Illuminate/Container/BoundMethod.php(35): Illuminate\\Container\\BoundMethod::callBoundMethod()
#13 /data/work_codo/albedo-marketing/albedo-marketing/backend/vendor/laravel/framework/src/Illuminate/Container/Container.php(696): Illuminate\\Container\\BoundMethod::call()
#14 /data/work_codo/albedo-marketing/albedo-marketing/backend/vendor/laravel/framework/src/Illuminate/Console/Command.php(213): Illuminate\\Container\\Container->call()
#15 /data/work_codo/albedo-marketing/albedo-marketing/backend/vendor/symfony/console/Command/Command.php(341): Illuminate\\Console\\Command->execute()
#16 /data/work_codo/albedo-marketing/albedo-marketing/backend/vendor/laravel/framework/src/Illuminate/Console/Command.php(182): Symfony\\Component\\Console\\Command\\Command->run()
#17 /data/work_codo/albedo-marketing/albedo-marketing/backend/vendor/laravel/framework/src/Illuminate/Console/Concerns/CallsCommands.php(68): Illuminate\\Console\\Command->run()
#18 /data/work_codo/albedo-marketing/albedo-marketing/backend/vendor/laravel/framework/src/Illuminate/Console/Concerns/CallsCommands.php(41): Illuminate\\Console\\Command->runCommand()
#19 /data/work_codo/albedo-marketing/albedo-marketing/backend/vendor/laravel/framework/src/Illuminate/Console/Concerns/CallsCommands.php(53): Illuminate\\Console\\Command->callSilent()
#20 /data/work_codo/albedo-marketing/albedo-marketing/backend/vendor/laravel/framework/src/Illuminate/Foundation/Console/OptimizeClearCommand.php(48): Illuminate\\Console\\Command->callSilently()
#21 /data/work_codo/albedo-marketing/albedo-marketing/backend/vendor/laravel/framework/src/Illuminate/Console/View/Components/Task.php(40): Illuminate\\Foundation\\Console\\OptimizeClearCommand->{closure:Illuminate\\Foundation\\Console\\OptimizeClearCommand::handle():48}()
#22 /data/work_codo/albedo-marketing/albedo-marketing/backend/vendor/laravel/framework/src/Illuminate/Console/View/Components/Factory.php(60): Illuminate\\Console\\View\\Components\\Task->render()
#23 /data/work_codo/albedo-marketing/albedo-marketing/backend/vendor/laravel/framework/src/Illuminate/Foundation/Console/OptimizeClearCommand.php(48): Illuminate\\Console\\View\\Components\\Factory->__call()
#24 /data/work_codo/albedo-marketing/albedo-marketing/backend/vendor/laravel/framework/src/Illuminate/Container/BoundMethod.php(36): Illuminate\\Foundation\\Console\\OptimizeClearCommand->handle()
#25 /data/work_codo/albedo-marketing/albedo-marketing/backend/vendor/laravel/framework/src/Illuminate/Container/Util.php(43): Illuminate\\Container\\BoundMethod::{closure:Illuminate\\Container\\BoundMethod::call():35}()
#26 /data/work_codo/albedo-marketing/albedo-marketing/backend/vendor/laravel/framework/src/Illuminate/Container/BoundMethod.php(95): Illuminate\\Container\\Util::unwrapIfClosure()
#27 /data/work_codo/albedo-marketing/albedo-marketing/backend/vendor/laravel/framework/src/Illuminate/Container/BoundMethod.php(35): Illuminate\\Container\\BoundMethod::callBoundMethod()
#28 /data/work_codo/albedo-marketing/albedo-marketing/backend/vendor/laravel/framework/src/Illuminate/Container/Container.php(696): Illuminate\\Container\\BoundMethod::call()
#29 /data/work_codo/albedo-marketing/albedo-marketing/backend/vendor/laravel/framework/src/Illuminate/Console/Command.php(213): Illuminate\\Container\\Container->call()
#30 /data/work_codo/albedo-marketing/albedo-marketing/backend/vendor/symfony/console/Command/Command.php(341): Illuminate\\Console\\Command->execute()
#31 /data/work_codo/albedo-marketing/albedo-marketing/backend/vendor/laravel/framework/src/Illuminate/Console/Command.php(182): Symfony\\Component\\Console\\Command\\Command->run()
#32 /data/work_codo/albedo-marketing/albedo-marketing/backend/vendor/symfony/console/Application.php(1117): Illuminate\\Console\\Command->run()
#33 /data/work_codo/albedo-marketing/albedo-marketing/backend/vendor/symfony/console/Application.php(356): Symfony\\Component\\Console\\Application->doRunCommand()
#34 /data/work_codo/albedo-marketing/albedo-marketing/backend/vendor/symfony/console/Application.php(195): Symfony\\Component\\Console\\Application->doRun()
#35 /data/work_codo/albedo-marketing/albedo-marketing/backend/vendor/laravel/framework/src/Illuminate/Foundation/Console/Kernel.php(198): Symfony\\Component\\Console\\Application->run()
#36 /data/work_codo/albedo-marketing/albedo-marketing/backend/vendor/laravel/framework/src/Illuminate/Foundation/Application.php(1235): Illuminate\\Foundation\\Console\\Kernel->handle()
#37 /data/work_codo/albedo-marketing/albedo-marketing/backend/artisan(13): Illuminate\\Foundation\\Application->handleCommand()
#38 {main}
"} 
[2026-09-10 07:40:20] local.ERROR: Target class [Database\Seeders\ChallendgeCategorySeeder] does not exist. {"exception":"[object] (Illuminate\\Contracts\\Container\\BindingResolutionException(code: 0): Target class [Database\\Seeders\\ChallendgeCategorySeeder] does not exist. at /data/work_codo/albedo-marketing/albedo-marketing-backend/vendor/laravel/framework/src/Illuminate/Container/Container.php:961)
[stacktrace]
#0 /data/work_codo/albedo-marketing/albedo-marketing-backend/vendor/laravel/framework/src/Illuminate/Container/Container.php(832): Illuminate\\Container\\Container->build()
#1 /data/work_codo/albedo-marketing/albedo-marketing-backend/vendor/laravel/framework/src/Illuminate/Foundation/Application.php(1078): Illuminate\\Container\\Container->resolve()
#2 /data/work_codo/albedo-marketing/albedo-marketing-backend/vendor/laravel/framework/src/Illuminate/Container/Container.php(763): Illuminate\\Foundation\\Application->resolve()
#3 /data/work_codo/albedo-marketing/albedo-marketing-backend/vendor/laravel/framework/src/Illuminate/Foundation/Application.php(1058): Illuminate\\Container\\Container->make()
#4 /data/work_codo/albedo-marketing/albedo-marketing-backend/vendor/laravel/framework/src/Illuminate/Database/Console/Seeds/SeedCommand.php(98): Illuminate\\Foundation\\Application->make()
#5 /data/work_codo/albedo-marketing/albedo-marketing-backend/vendor/laravel/framework/src/Illuminate/Database/Console/Seeds/SeedCommand.php(70): Illuminate\\Database\\Console\\Seeds\\SeedCommand->getSeeder()
#6 /data/work_codo/albedo-marketing/albedo-marketing-backend/vendor/laravel/framework/src/Illuminate/Database/Eloquent/Concerns/GuardsAttributes.php(155): Illuminate\\Database\\Console\\Seeds\\SeedCommand->{closure:Illuminate\\Database\\Console\\Seeds\\SeedCommand::handle():69}()
#7 /data/work_codo/albedo-marketing/albedo-marketing-backend/vendor/laravel/framework/src/Illuminate/Database/Console/Seeds/SeedCommand.php(69): Illuminate\\Database\\Eloquent\\Model::unguarded()
#8 /data/work_codo/albedo-marketing/albedo-marketing-backend/vendor/laravel/framework/src/Illuminate/Container/BoundMethod.php(36): Illuminate\\Database\\Console\\Seeds\\SeedCommand->handle()
#9 /data/work_codo/albedo-marketing/albedo-marketing-backend/vendor/laravel/framework/src/Illuminate/Container/Util.php(43): Illuminate\\Container\\BoundMethod::{closure:Illuminate\\Container\\BoundMethod::call():35}()
#10 /data/work_codo/albedo-marketing/albedo-marketing-backend/vendor/laravel/framework/src/Illuminate/Container/BoundMethod.php(95): Illuminate\\Container\\Util::unwrapIfClosure()
#11 /data/work_codo/albedo-marketing/albedo-marketing-backend/vendor/laravel/framework/src/Illuminate/Container/BoundMethod.php(35): Illuminate\\Container\\BoundMethod::callBoundMethod()
#12 /data/work_codo/albedo-marketing/albedo-marketing-backend/vendor/laravel/framework/src/Illuminate/Container/Container.php(696): Illuminate\\Container\\BoundMethod::call()
#13 /data/work_codo/albedo-marketing/albedo-marketing-backend/vendor/laravel/framework/src/Illuminate/Console/Command.php(213): Illuminate\\Container\\Container->call()
#14 /data/work_codo/albedo-marketing/albedo-marketing-backend/vendor/symfony/console/Command/Command.php(341): Illuminate\\Console\\Command->execute()
#15 /data/work_codo/albedo-marketing/albedo-marketing-backend/vendor/laravel/framework/src/Illuminate/Console/Command.php(182): Symfony\\Component\\Console\\Command\\Command->run()
#16 /data/work_codo/albedo-marketing/albedo-marketing-backend/vendor/symfony/console/Application.php(1117): Illuminate\\Console\\Command->run()
#17 /data/work_codo/albedo-marketing/albedo-marketing-backend/vendor/symfony/console/Application.php(356): Symfony\\Component\\Console\\Application->doRunCommand()
#18 /data/work_codo/albedo-marketing/albedo-marketing-backend/vendor/symfony/console/Application.php(195): Symfony\\Component\\Console\\Application->doRun()
#19 /data/work_codo/albedo-marketing/albedo-marketing-backend/vendor/laravel/framework/src/Illuminate/Foundation/Console/Kernel.php(198): Symfony\\Component\\Console\\Application->run()
#20 /data/work_codo/albedo-marketing/albedo-marketing-backend/vendor/laravel/framework/src/Illuminate/Foundation/Application.php(1235): Illuminate\\Foundation\\Console\\Kernel->handle()
#21 /data/work_codo/albedo-marketing/albedo-marketing-backend/artisan(13): Illuminate\\Foundation\\Application->handleCommand()
#22 {main}

[previous exception] [object] (ReflectionException(code: -1): Class \"Database\\Seeders\\ChallendgeCategorySeeder\" does not exist at /data/work_codo/albedo-marketing/albedo-marketing-backend/vendor/laravel/framework/src/Illuminate/Container/Container.php:959)
[stacktrace]
#0 /data/work_codo/albedo-marketing/albedo-marketing-backend/vendor/laravel/framework/src/Illuminate/Container/Container.php(959): ReflectionClass->__construct()
#1 /data/work_codo/albedo-marketing/albedo-marketing-backend/vendor/laravel/framework/src/Illuminate/Container/Container.php(832): Illuminate\\Container\\Container->build()
#2 /data/work_codo/albedo-marketing/albedo-marketing-backend/vendor/laravel/framework/src/Illuminate/Foundation/Application.php(1078): Illuminate\\Container\\Container->resolve()
#3 /data/work_codo/albedo-marketing/albedo-marketing-backend/vendor/laravel/framework/src/Illuminate/Container/Container.php(763): Illuminate\\Foundation\\Application->resolve()
#4 /data/work_codo/albedo-marketing/albedo-marketing-backend/vendor/laravel/framework/src/Illuminate/Foundation/Application.php(1058): Illuminate\\Container\\Container->make()
#5 /data/work_codo/albedo-marketing/albedo-marketing-backend/vendor/laravel/framework/src/Illuminate/Database/Console/Seeds/SeedCommand.php(98): Illuminate\\Foundation\\Application->make()
#6 /data/work_codo/albedo-marketing/albedo-marketing-backend/vendor/laravel/framework/src/Illuminate/Database/Console/Seeds/SeedCommand.php(70): Illuminate\\Database\\Console\\Seeds\\SeedCommand->getSeeder()
#7 /data/work_codo/albedo-marketing/albedo-marketing-backend/vendor/laravel/framework/src/Illuminate/Database/Eloquent/Concerns/GuardsAttributes.php(155): Illuminate\\Database\\Console\\Seeds\\SeedCommand->{closure:Illuminate\\Database\\Console\\Seeds\\SeedCommand::handle():69}()
#8 /data/work_codo/albedo-marketing/albedo-marketing-backend/vendor/laravel/framework/src/Illuminate/Database/Console/Seeds/SeedCommand.php(69): Illuminate\\Database\\Eloquent\\Model::unguarded()
#9 /data/work_codo/albedo-marketing/albedo-marketing-backend/vendor/laravel/framework/src/Illuminate/Container/BoundMethod.php(36): Illuminate\\Database\\Console\\Seeds\\SeedCommand->handle()
#10 /data/work_codo/albedo-marketing/albedo-marketing-backend/vendor/laravel/framework/src/Illuminate/Container/Util.php(43): Illuminate\\Container\\BoundMethod::{closure:Illuminate\\Container\\BoundMethod::call():35}()
#11 /data/work_codo/albedo-marketing/albedo-marketing-backend/vendor/laravel/framework/src/Illuminate/Container/BoundMethod.php(95): Illuminate\\Container\\Util::unwrapIfClosure()
#12 /data/work_codo/albedo-marketing/albedo-marketing-backend/vendor/laravel/framework/src/Illuminate/Container/BoundMethod.php(35): Illuminate\\Container\\BoundMethod::callBoundMethod()
#13 /data/work_codo/albedo-marketing/albedo-marketing-backend/vendor/laravel/framework/src/Illuminate/Container/Container.php(696): Illuminate\\Container\\BoundMethod::call()
#14 /data/work_codo/albedo-marketing/albedo-marketing-backend/vendor/laravel/framework/src/Illuminate/Console/Command.php(213): Illuminate\\Container\\Container->call()
#15 /data/work_codo/albedo-marketing/albedo-marketing-backend/vendor/symfony/console/Command/Command.php(341): Illuminate\\Console\\Command->execute()
#16 /data/work_codo/albedo-marketing/albedo-marketing-backend/vendor/laravel/framework/src/Illuminate/Console/Command.php(182): Symfony\\Component\\Console\\Command\\Command->run()
#17 /data/work_codo/albedo-marketing/albedo-marketing-backend/vendor/symfony/console/Application.php(1117): Illuminate\\Console\\Command->run()
#18 /data/work_codo/albedo-marketing/albedo-marketing-backend/vendor/symfony/console/Application.php(356): Symfony\\Component\\Console\\Application->doRunCommand()
#19 /data/work_codo/albedo-marketing/albedo-marketing-backend/vendor/symfony/console/Application.php(195): Symfony\\Component\\Console\\Application->doRun()
#20 /data/work_codo/albedo-marketing/albedo-marketing-backend/vendor/laravel/framework/src/Illuminate/Foundation/Console/Kernel.php(198): Symfony\\Component\\Console\\Application->run()
#21 /data/work_codo/albedo-marketing/albedo-marketing-backend/vendor/laravel/framework/src/Illuminate/Foundation/Application.php(1235): Illuminate\\Foundation\\Console\\Kernel->handle()
#22 /data/work_codo/albedo-marketing/albedo-marketing-backend/artisan(13): Illuminate\\Foundation\\Application->handleCommand()
#23 {main}
"} 
[2026-09-10 07:42:01] local.ERROR: SQLSTATE[42S02]: Base table or view not found: 1146 Table 'albedo_market_local.lead_stage_permissions' doesn't exist (Connection: mysql, SQL: truncate table `lead_stage_permissions`) {"exception":"[object] (Illuminate\\Database\\QueryException(code: 42S02): SQLSTATE[42S02]: Base table or view not found: 1146 Table 'albedo_market_local.lead_stage_permissions' doesn't exist (Connection: mysql, SQL: truncate table `lead_stage_permissions`) at /data/work_codo/albedo-marketing/albedo-marketing-backend/vendor/laravel/framework/src/Illuminate/Database/Connection.php:825)
[stacktrace]
#0 /data/work_codo/albedo-marketing/albedo-marketing-backend/vendor/laravel/framework/src/Illuminate/Database/Connection.php(779): Illuminate\\Database\\Connection->runQueryCallback()
#1 /data/work_codo/albedo-marketing/albedo-marketing-backend/vendor/laravel/framework/src/Illuminate/Database/Connection.php(560): Illuminate\\Database\\Connection->run()
#2 /data/work_codo/albedo-marketing/albedo-marketing-backend/vendor/laravel/framework/src/Illuminate/Database/Query/Builder.php(4041): Illuminate\\Database\\Connection->statement()
#3 /data/work_codo/albedo-marketing/albedo-marketing-backend/vendor/laravel/framework/src/Illuminate/Support/Traits/ForwardsCalls.php(23): Illuminate\\Database\\Query\\Builder->truncate()
#4 /data/work_codo/albedo-marketing/albedo-marketing-backend/vendor/laravel/framework/src/Illuminate/Database/Eloquent/Builder.php(2123): Illuminate\\Database\\Eloquent\\Builder->forwardCallTo()
#5 /data/work_codo/albedo-marketing/albedo-marketing-backend/vendor/laravel/framework/src/Illuminate/Support/Traits/ForwardsCalls.php(23): Illuminate\\Database\\Eloquent\\Builder->__call()
#6 /data/work_codo/albedo-marketing/albedo-marketing-backend/vendor/laravel/framework/src/Illuminate/Database/Eloquent/Model.php(2372): Illuminate\\Database\\Eloquent\\Model->forwardCallTo()
#7 /data/work_codo/albedo-marketing/albedo-marketing-backend/vendor/laravel/framework/src/Illuminate/Database/Eloquent/Model.php(2384): Illuminate\\Database\\Eloquent\\Model->__call()
#8 /data/work_codo/albedo-marketing/albedo-marketing-backend/database/seeders/LeadStageEngineSeeder.php(18): Illuminate\\Database\\Eloquent\\Model::__callStatic()
#9 /data/work_codo/albedo-marketing/albedo-marketing-backend/vendor/laravel/framework/src/Illuminate/Container/BoundMethod.php(36): Database\\Seeders\\LeadStageEngineSeeder->run()
#10 /data/work_codo/albedo-marketing/albedo-marketing-backend/vendor/laravel/framework/src/Illuminate/Container/Util.php(43): Illuminate\\Container\\BoundMethod::{closure:Illuminate\\Container\\BoundMethod::call():35}()
#11 /data/work_codo/albedo-marketing/albedo-marketing-backend/vendor/laravel/framework/src/Illuminate/Container/BoundMethod.php(95): Illuminate\\Container\\Util::unwrapIfClosure()
#12 /data/work_codo/albedo-marketing/albedo-marketing-backend/vendor/laravel/framework/src/Illuminate/Container/BoundMethod.php(35): Illuminate\\Container\\BoundMethod::callBoundMethod()
#13 /data/work_codo/albedo-marketing/albedo-marketing-backend/vendor/laravel/framework/src/Illuminate/Container/Container.php(696): Illuminate\\Container\\BoundMethod::call()
#14 /data/work_codo/albedo-marketing/albedo-marketing-backend/vendor/laravel/framework/src/Illuminate/Database/Seeder.php(188): Illuminate\\Container\\Container->call()
#15 /data/work_codo/albedo-marketing/albedo-marketing-backend/vendor/laravel/framework/src/Illuminate/Database/Seeder.php(197): Illuminate\\Database\\Seeder->{closure:Illuminate\\Database\\Seeder::__invoke():187}()
#16 /data/work_codo/albedo-marketing/albedo-marketing-backend/vendor/laravel/framework/src/Illuminate/Database/Console/Seeds/SeedCommand.php(70): Illuminate\\Database\\Seeder->__invoke()
#17 /data/work_codo/albedo-marketing/albedo-marketing-backend/vendor/laravel/framework/src/Illuminate/Database/Eloquent/Concerns/GuardsAttributes.php(155): Illuminate\\Database\\Console\\Seeds\\SeedCommand->{closure:Illuminate\\Database\\Console\\Seeds\\SeedCommand::handle():69}()
#18 /data/work_codo/albedo-marketing/albedo-marketing-backend/vendor/laravel/framework/src/Illuminate/Database/Console/Seeds/SeedCommand.php(69): Illuminate\\Database\\Eloquent\\Model::unguarded()
#19 /data/work_codo/albedo-marketing/albedo-marketing-backend/vendor/laravel/framework/src/Illuminate/Container/BoundMethod.php(36): Illuminate\\Database\\Console\\Seeds\\SeedCommand->handle()
#20 /data/work_codo/albedo-marketing/albedo-marketing-backend/vendor/laravel/framework/src/Illuminate/Container/Util.php(43): Illuminate\\Container\\BoundMethod::{closure:Illuminate\\Container\\BoundMethod::call():35}()
#21 /data/work_codo/albedo-marketing/albedo-marketing-backend/vendor/laravel/framework/src/Illuminate/Container/BoundMethod.php(95): Illuminate\\Container\\Util::unwrapIfClosure()
#22 /data/work_codo/albedo-marketing/albedo-marketing-backend/vendor/laravel/framework/src/Illuminate/Container/BoundMethod.php(35): Illuminate\\Container\\BoundMethod::callBoundMethod()
#23 /data/work_codo/albedo-marketing/albedo-marketing-backend/vendor/laravel/framework/src/Illuminate/Container/Container.php(696): Illuminate\\Container\\BoundMethod::call()
#24 /data/work_codo/albedo-marketing/albedo-marketing-backend/vendor/laravel/framework/src/Illuminate/Console/Command.php(213): Illuminate\\Container\\Container->call()
#25 /data/work_codo/albedo-marketing/albedo-marketing-backend/vendor/symfony/console/Command/Command.php(341): Illuminate\\Console\\Command->execute()
#26 /data/work_codo/albedo-marketing/albedo-marketing-backend/vendor/laravel/framework/src/Illuminate/Console/Command.php(182): Symfony\\Component\\Console\\Command\\Command->run()
#27 /data/work_codo/albedo-marketing/albedo-marketing-backend/vendor/symfony/console/Application.php(1117): Illuminate\\Console\\Command->run()
#28 /data/work_codo/albedo-marketing/albedo-marketing-backend/vendor/symfony/console/Application.php(356): Symfony\\Component\\Console\\Application->doRunCommand()
#29 /data/work_codo/albedo-marketing/albedo-marketing-backend/vendor/symfony/console/Application.php(195): Symfony\\Component\\Console\\Application->doRun()
#30 /data/work_codo/albedo-marketing/albedo-marketing-backend/vendor/laravel/framework/src/Illuminate/Foundation/Console/Kernel.php(198): Symfony\\Component\\Console\\Application->run()
#31 /data/work_codo/albedo-marketing/albedo-marketing-backend/vendor/laravel/framework/src/Illuminate/Foundation/Application.php(1235): Illuminate\\Foundation\\Console\\Kernel->handle()
#32 /data/work_codo/albedo-marketing/albedo-marketing-backend/artisan(13): Illuminate\\Foundation\\Application->handleCommand()
#33 {main}

[previous exception] [object] (PDOException(code: 42S02): SQLSTATE[42S02]: Base table or view not found: 1146 Table 'albedo_market_local.lead_stage_permissions' doesn't exist at /data/work_codo/albedo-marketing/albedo-marketing-backend/vendor/laravel/framework/src/Illuminate/Database/Connection.php:571)
[stacktrace]
#0 /data/work_codo/albedo-marketing/albedo-marketing-backend/vendor/laravel/framework/src/Illuminate/Database/Connection.php(571): PDOStatement->execute()
#1 /data/work_codo/albedo-marketing/albedo-marketing-backend/vendor/laravel/framework/src/Illuminate/Database/Connection.php(812): Illuminate\\Database\\Connection->{closure:Illuminate\\Database\\Connection::statement():560}()
#2 /data/work_codo/albedo-marketing/albedo-marketing-backend/vendor/laravel/framework/src/Illuminate/Database/Connection.php(779): Illuminate\\Database\\Connection->runQueryCallback()
#3 /data/work_codo/albedo-marketing/albedo-marketing-backend/vendor/laravel/framework/src/Illuminate/Database/Connection.php(560): Illuminate\\Database\\Connection->run()
#4 /data/work_codo/albedo-marketing/albedo-marketing-backend/vendor/laravel/framework/src/Illuminate/Database/Query/Builder.php(4041): Illuminate\\Database\\Connection->statement()
#5 /data/work_codo/albedo-marketing/albedo-marketing-backend/vendor/laravel/framework/src/Illuminate/Support/Traits/ForwardsCalls.php(23): Illuminate\\Database\\Query\\Builder->truncate()
#6 /data/work_codo/albedo-marketing/albedo-marketing-backend/vendor/laravel/framework/src/Illuminate/Database/Eloquent/Builder.php(2123): Illuminate\\Database\\Eloquent\\Builder->forwardCallTo()
#7 /data/work_codo/albedo-marketing/albedo-marketing-backend/vendor/laravel/framework/src/Illuminate/Support/Traits/ForwardsCalls.php(23): Illuminate\\Database\\Eloquent\\Builder->__call()
#8 /data/work_codo/albedo-marketing/albedo-marketing-backend/vendor/laravel/framework/src/Illuminate/Database/Eloquent/Model.php(2372): Illuminate\\Database\\Eloquent\\Model->forwardCallTo()
#9 /data/work_codo/albedo-marketing/albedo-marketing-backend/vendor/laravel/framework/src/Illuminate/Database/Eloquent/Model.php(2384): Illuminate\\Database\\Eloquent\\Model->__call()
#10 /data/work_codo/albedo-marketing/albedo-marketing-backend/database/seeders/LeadStageEngineSeeder.php(18): Illuminate\\Database\\Eloquent\\Model::__callStatic()
#11 /data/work_codo/albedo-marketing/albedo-marketing-backend/vendor/laravel/framework/src/Illuminate/Container/BoundMethod.php(36): Database\\Seeders\\LeadStageEngineSeeder->run()
#12 /data/work_codo/albedo-marketing/albedo-marketing-backend/vendor/laravel/framework/src/Illuminate/Container/Util.php(43): Illuminate\\Container\\BoundMethod::{closure:Illuminate\\Container\\BoundMethod::call():35}()
#13 /data/work_codo/albedo-marketing/albedo-marketing-backend/vendor/laravel/framework/src/Illuminate/Container/BoundMethod.php(95): Illuminate\\Container\\Util::unwrapIfClosure()
#14 /data/work_codo/albedo-marketing/albedo-marketing-backend/vendor/laravel/framework/src/Illuminate/Container/BoundMethod.php(35): Illuminate\\Container\\BoundMethod::callBoundMethod()
#15 /data/work_codo/albedo-marketing/albedo-marketing-backend/vendor/laravel/framework/src/Illuminate/Container/Container.php(696): Illuminate\\Container\\BoundMethod::call()
#16 /data/work_codo/albedo-marketing/albedo-marketing-backend/vendor/laravel/framework/src/Illuminate/Database/Seeder.php(188): Illuminate\\Container\\Container->call()
#17 /data/work_codo/albedo-marketing/albedo-marketing-backend/vendor/laravel/framework/src/Illuminate/Database/Seeder.php(197): Illuminate\\Database\\Seeder->{closure:Illuminate\\Database\\Seeder::__invoke():187}()
#18 /data/work_codo/albedo-marketing/albedo-marketing-backend/vendor/laravel/framework/src/Illuminate/Database/Console/Seeds/SeedCommand.php(70): Illuminate\\Database\\Seeder->__invoke()
#19 /data/work_codo/albedo-marketing/albedo-marketing-backend/vendor/laravel/framework/src/Illuminate/Database/Eloquent/Concerns/GuardsAttributes.php(155): Illuminate\\Database\\Console\\Seeds\\SeedCommand->{closure:Illuminate\\Database\\Console\\Seeds\\SeedCommand::handle():69}()
#20 /data/work_codo/albedo-marketing/albedo-marketing-backend/vendor/laravel/framework/src/Illuminate/Database/Console/Seeds/SeedCommand.php(69): Illuminate\\Database\\Eloquent\\Model::unguarded()
#21 /data/work_codo/albedo-marketing/albedo-marketing-backend/vendor/laravel/framework/src/Illuminate/Container/BoundMethod.php(36): Illuminate\\Database\\Console\\Seeds\\SeedCommand->handle()
#22 /data/work_codo/albedo-marketing/albedo-marketing-backend/vendor/laravel/framework/src/Illuminate/Container/Util.php(43): Illuminate\\Container\\BoundMethod::{closure:Illuminate\\Container\\BoundMethod::call():35}()
#23 /data/work_codo/albedo-marketing/albedo-marketing-backend/vendor/laravel/framework/src/Illuminate/Container/BoundMethod.php(95): Illuminate\\Container\\Util::unwrapIfClosure()
#24 /data/work_codo/albedo-marketing/albedo-marketing-backend/vendor/laravel/framework/src/Illuminate/Container/BoundMethod.php(35): Illuminate\\Container\\BoundMethod::callBoundMethod()
#25 /data/work_codo/albedo-marketing/albedo-marketing-backend/vendor/laravel/framework/src/Illuminate/Container/Container.php(696): Illuminate\\Container\\BoundMethod::call()
#26 /data/work_codo/albedo-marketing/albedo-marketing-backend/vendor/laravel/framework/src/Illuminate/Console/Command.php(213): Illuminate\\Container\\Container->call()
#27 /data/work_codo/albedo-marketing/albedo-marketing-backend/vendor/symfony/console/Command/Command.php(341): Illuminate\\Console\\Command->execute()
#28 /data/work_codo/albedo-marketing/albedo-marketing-backend/vendor/laravel/framework/src/Illuminate/Console/Command.php(182): Symfony\\Component\\Console\\Command\\Command->run()
#29 /data/work_codo/albedo-marketing/albedo-marketing-backend/vendor/symfony/console/Application.php(1117): Illuminate\\Console\\Command->run()
#30 /data/work_codo/albedo-marketing/albedo-marketing-backend/vendor/symfony/console/Application.php(356): Symfony\\Component\\Console\\Application->doRunCommand()
#31 /data/work_codo/albedo-marketing/albedo-marketing-backend/vendor/symfony/console/Application.php(195): Symfony\\Component\\Console\\Application->doRun()
#32 /data/work_codo/albedo-marketing/albedo-marketing-backend/vendor/laravel/framework/src/Illuminate/Foundation/Console/Kernel.php(198): Symfony\\Component\\Console\\Application->run()
#33 /data/work_codo/albedo-marketing/albedo-marketing-backend/vendor/laravel/framework/src/Illuminate/Foundation/Application.php(1235): Illuminate\\Foundation\\Console\\Kernel->handle()
#34 /data/work_codo/albedo-marketing/albedo-marketing-backend/artisan(13): Illuminate\\Foundation\\Application->handleCommand()
#35 {main}
"} 
[2026-09-10 07:43:23] local.ERROR: The "--TeamTipCategorySeeder" option does not exist. {"exception":"[object] (Symfony\\Component\\Console\\Exception\\RuntimeException(code: 0): The \"--TeamTipCategorySeeder\" option does not exist. at /data/work_codo/albedo-marketing/albedo-marketing-backend/vendor/symfony/console/Input/ArgvInput.php:226)
[stacktrace]
#0 /data/work_codo/albedo-marketing/albedo-marketing-backend/vendor/symfony/console/Input/ArgvInput.php(155): Symfony\\Component\\Console\\Input\\ArgvInput->addLongOption()
#1 /data/work_codo/albedo-marketing/albedo-marketing-backend/vendor/symfony/console/Input/ArgvInput.php(88): Symfony\\Component\\Console\\Input\\ArgvInput->parseLongOption()
#2 /data/work_codo/albedo-marketing/albedo-marketing-backend/vendor/symfony/console/Input/ArgvInput.php(77): Symfony\\Component\\Console\\Input\\ArgvInput->parseToken()
#3 /data/work_codo/albedo-marketing/albedo-marketing-backend/vendor/symfony/console/Input/Input.php(53): Symfony\\Component\\Console\\Input\\ArgvInput->parse()
#4 /data/work_codo/albedo-marketing/albedo-marketing-backend/vendor/symfony/console/Command/Command.php(295): Symfony\\Component\\Console\\Input\\Input->bind()
#5 /data/work_codo/albedo-marketing/albedo-marketing-backend/vendor/laravel/framework/src/Illuminate/Console/Command.php(182): Symfony\\Component\\Console\\Command\\Command->run()
#6 /data/work_codo/albedo-marketing/albedo-marketing-backend/vendor/symfony/console/Application.php(1117): Illuminate\\Console\\Command->run()
#7 /data/work_codo/albedo-marketing/albedo-marketing-backend/vendor/symfony/console/Application.php(356): Symfony\\Component\\Console\\Application->doRunCommand()
#8 /data/work_codo/albedo-marketing/albedo-marketing-backend/vendor/symfony/console/Application.php(195): Symfony\\Component\\Console\\Application->doRun()
#9 /data/work_codo/albedo-marketing/albedo-marketing-backend/vendor/laravel/framework/src/Illuminate/Foundation/Console/Kernel.php(198): Symfony\\Component\\Console\\Application->run()
#10 /data/work_codo/albedo-marketing/albedo-marketing-backend/vendor/laravel/framework/src/Illuminate/Foundation/Application.php(1235): Illuminate\\Foundation\\Console\\Kernel->handle()
#11 /data/work_codo/albedo-marketing/albedo-marketing-backend/artisan(13): Illuminate\\Foundation\\Application->handleCommand()
#12 {main}
"} 
[2026-09-10 07:44:02] local.ERROR: The "--TeamTipSeeder" option does not exist. {"exception":"[object] (Symfony\\Component\\Console\\Exception\\RuntimeException(code: 0): The \"--TeamTipSeeder\" option does not exist. at /data/work_codo/albedo-marketing/albedo-marketing-backend/vendor/symfony/console/Input/ArgvInput.php:226)
[stacktrace]
#0 /data/work_codo/albedo-marketing/albedo-marketing-backend/vendor/symfony/console/Input/ArgvInput.php(155): Symfony\\Component\\Console\\Input\\ArgvInput->addLongOption()
#1 /data/work_codo/albedo-marketing/albedo-marketing-backend/vendor/symfony/console/Input/ArgvInput.php(88): Symfony\\Component\\Console\\Input\\ArgvInput->parseLongOption()
#2 /data/work_codo/albedo-marketing/albedo-marketing-backend/vendor/symfony/console/Input/ArgvInput.php(77): Symfony\\Component\\Console\\Input\\ArgvInput->parseToken()
#3 /data/work_codo/albedo-marketing/albedo-marketing-backend/vendor/symfony/console/Input/Input.php(53): Symfony\\Component\\Console\\Input\\ArgvInput->parse()
#4 /data/work_codo/albedo-marketing/albedo-marketing-backend/vendor/symfony/console/Command/Command.php(295): Symfony\\Component\\Console\\Input\\Input->bind()
#5 /data/work_codo/albedo-marketing/albedo-marketing-backend/vendor/laravel/framework/src/Illuminate/Console/Command.php(182): Symfony\\Component\\Console\\Command\\Command->run()
#6 /data/work_codo/albedo-marketing/albedo-marketing-backend/vendor/symfony/console/Application.php(1117): Illuminate\\Console\\Command->run()
#7 /data/work_codo/albedo-marketing/albedo-marketing-backend/vendor/symfony/console/Application.php(356): Symfony\\Component\\Console\\Application->doRunCommand()
#8 /data/work_codo/albedo-marketing/albedo-marketing-backend/vendor/symfony/console/Application.php(195): Symfony\\Component\\Console\\Application->doRun()
#9 /data/work_codo/albedo-marketing/albedo-marketing-backend/vendor/laravel/framework/src/Illuminate/Foundation/Console/Kernel.php(198): Symfony\\Component\\Console\\Application->run()
#10 /data/work_codo/albedo-marketing/albedo-marketing-backend/vendor/laravel/framework/src/Illuminate/Foundation/Application.php(1235): Illuminate\\Foundation\\Console\\Kernel->handle()
#11 /data/work_codo/albedo-marketing/albedo-marketing-backend/artisan(13): Illuminate\\Foundation\\Application->handleCommand()
#12 {main}
"} 
